,comment
0,"아직 코가 맹맹하네<br><br><br><br><br><br><br><br><br><br><br><br><br>🍕 ≪블랙팬서: 와칸다 포에버≫ 스토리 유출 루머 총정리!<br><a href=""https://www.youtube.com/watch?v=9yyfIfmXN1Q&amp;t=2s"">https://www.youtube.com/watch?v=9yyfIfmXN1Q&amp;t=2s</a>"
1,저는 썸네일로 유출이고 자시고 하면서 영화 개봉 전 정보 알고 싶지 않아하는 사람인데요<br>왜 차단해도 계속 뜨는건가요...<br>삐X 등등 마블 관련해서 주로 다루는 분들 다 차단먹여놔도 잊을만 하면 나오네요
2,도르마무 캉
3,무띵형 오타났어 퀀터가아니라 퀀텀이야
4,저도 걸렸어요. 무띵형도 힘내요!
5,형 나도 걸렸다 ㅎ
6,퀀텀매니아가 이렇게 나오면 결국 닥스2와 퀀텀매니아는 시크릿워즈의 프롤로그 급이겠네..
7,이 정도면 &#39;멀티버스 사가&#39;가 아니라 &#39;웡 사가&#39;&#39; 아닌가 ㅋㅋㅋ
8,"무한히 반복되어 죽는 최종보스가 나올 경우 두 가지의 우려되는 점이 생기는데, <br>1. 최종보스의 격이 로켓단급으로 낮아진다. = 허구한 날 계속 나와서 죽고 살아나고 죽고 살아나고를 반복하게 됨.<br>2. 물론 1처럼 되지는 않으리라 봄. 캉의 변종 하나하나가 전부 엄청나게 강할 것이라 생각하지만, 이럴 경우엔 안그래도 긴장감 빡세게 줘야하는 보스전이 여러 번 반복되어 나오게 되고 관객들의 피로감 유발, 전개상의 루즈함, 스토리의 단순화 등의 단점이 생겨나게 될 수 있음...."
9,닥스 대환장을 시작으로 모든 마블영화가 대환장파티가 되어가녜.....
10,이런저런 사족이 너무 많아졌음<br>페이즈4 마블시리즈가 재밌었던것도 아니고
11,엔드게임 이후로 가장 마음에 드는 캐릭터가 캉인데 제발 얘만큼은 파이기가 타노스 못지않게 잘 뽑아주길 ㅠㅠ
12,이터널스 .  샹치. 닥터2. 토르4  모두 엉망<br>   이제 마블은  극장서 안본다
13,나  그 어벤져스5 갤럭투스인줄 알았눈데 아무리봐도 캉이 빌런 확정되것같누
14,캉은 그닥 걱정이 안되긴 해도 이미 샹치부터 이터널스 닥스 심지어 토르까지 고르게 말아먹어서 일단 기본 캐릭터 빌드업을 실패해버려서 <br>도대체 아이언맨 캡아 토르 헐크 블위 호크아이로 이루어진 이전 어벤져스의 감동이 있겠냐고요.
15,pc마블되면서 점점 기대감이 낮아짐
16,엔트맨3 -캉의 등장<br>어벤져스 - 캉의 침략<br><br>이후<br>흑막 이터니티 등장<br>예상해봅니다
17,이분의 오프닝영상은 언제나 좋다니까~~
18,앤트맨의 스토리는 항상 뭔가 끼워맞춘다는 느낌이많은거같네요 1편에선 양자영역 들어가면못나올거처럼얘기하더니 2편에선 들락날락하는기계가나오고  2편에서 재닛이나왔는데 캉의 위협을 알고있었으면서 말도안해주다가 3편에서 말해주고.
19,"웅장이 가슴해진다 어흐,ㄷㄷㄷ"
20,진짜 앤트맨 만큼은 성공해야한다... 이게 희망이야
21,퀀텀매니아를 통해 부족했던(?) 캉의 위험성과 시크릿워즈 캉다이나스티를 위한 워밍업을 씨게하려나보네요
22,앤트맨 어벤져스를 마지막으로 1세대 앤트맨 스캇랭 사망할듯 히어로 사망은 에오울에서 토니가 본 환상 오마주한듯
23,그래서 화이트 비전은요?
24,서울대 이과생인데도 이해못하겠따
25,쉬헐크 공개하고 페이지 마블 영화 다시보러가야 지
26,형 가오갤3도유출됫데  일해줘~~
27,이번에 토르 안 보고 탑건만 6번 봤는데 다음 마블영화는 볼 마음이 드는 작품이었으면 좋겠네
28,쉴틈이 없다ㅎㄷㄷ
29,와 모독!
30,캉 다이네스티에서 닥터스트레인지와 도르마무가 나오긴 하겠네요 ㅋㅋㅋㅋ 무한 루프라면 빠질 수 없는 둘이니까
31,"<a href=""https://www.youtube.com/watch?v=pGMd9IeiYZ0&amp;t=5m39s"">5:39</a> 데드풀도 비슷한거 있잖아..."
32,더이상 대중영화같지도않고 <br>어벤져스 빌드업용 컨텐츠같음 <br>그마저도 설정이 존나복잡해져서 <br>단순히 마블영화만 즐겼던 사람들은<br>많이 떨어져나갈듯
33,솔직히 반만 알아듣고 반은 뭔소린지 모르겄다
34,아으 왜캐 머리아프지 마블 세계관은 진짜 우주 은하급이라 인간의뇌론 이해가 안되는듯
35,이번 사가는 머리 터지겠네ㄷㄷ
36,로다쥬 아이언맨 복귀한다던데 루머인가여?
37,카마르타지 베일 깨진 거 로키 때문인가?<br>로키가 저지른 엄청난 일은 언제쯤 다들 알게 될까? 그리고 로키가 빨리 mcu 영화에 등장했음 좋겠어요ㅠㅠ토르가 반가워할텐데
38,ㅂㅅ처럼 만들지 마러라 이미 실망했다
39,톰크루즈 아이언맨이나 로다주 아이언맨 기대해볼수도 있나...? 멀티버슨데...ㅋㅋ
40,기대된다
41,모독 빌런으로남자
42,이제 마블은 기존팬들은위한영화지 대중성은 버릴생각인듯
43,원작 내용을 몰라서 그런 거겠지만 갠적으로 정복자 캉이라는 빌런이 너무 매력이 없음 이전 사가의 메인 빌런인 타노스는 걍 확연히 쎄고 걍 카리스마 넘치고 그러면서도 분명한 신념을 갖고 있어서 매력 있었는데 캉은 쎈 건 맞겠지만 그게 파워라기보다는 기술적인 느낌이라 사가를 책임질 메인 빌런으로는 너무 적합하지 않아보임 심지어 어벤저스가 상대하는 빌런인 건데..
44,그리고 그 강함의 이유가 &quot;수많은&quot; 캉이라면 더더욱 매력이 반감된다고 생각함 마치 이터널스의 설정이 알고보니 그들은 안드로이드 같은 존재였다고 말하면서 캐릭터성이 핵심인 마블 영화에서 캐릭터성의 희소성을 말소시키는 듯한 느낌 &quot;죽어도 또 나타날 수 있겠지&quot;라는 생각은 빌런은 물론이고 히어로는 더더욱 매력 없게 만든다고 생각함
45,앧트맨만은 제발 피씨 안뭍길
46,뭔가 존내 어지럽네 ...
47,왠지 기대보다 실망하게 될것 같은
48,"아.. 진짜 벌써 재밌다....<br>앞으로 새로 유입되는 팬들,,, 일반 시청자분들은 좀 힘들겠지만<br>덕후는 넘 기대되고 행복ㅎㅐ ㅠㅠㅠ"
49,ㅋㅋㅋㅋㅋ 웡이 제일 바쁘네
50,앤트맨1편 빌런은 종이접듯이 접혀서 사라졌는데 다시 살아난건가...?;;;;
51,그게 양자영역으로 들어간거임
52,멀티버스로넘어가면서부터 먼가 가볍게보기힘들어지는형태여서 흥미가사라지네요...
53,와 근데 짐 캐리 모독 되게 잘어울린다
54,아 어지럽다 어지러워... 머든 짜가가 설치면 개판 된다는 교훈.....가짜 대통.. 쿨럭;;
55,"지금 마블 시리즈 영화중 블랙팬서 다음으로 가장 기대되고 있는 영화입니다. 앤트맨 배우님이 너무 재치있고 재미있게 캐릭터를 해석해서 너무 좋고, 다소 무거울수있는 블랙팬서와 다르게 캐릭터 특성상 나름 재미있는 장면이 나올것같아 재미있을거 같으면서도 유출영상 처럼 진지하게 진행될거같아 기대가됩니다. 좋은 정보 얻어갑니다."
56,마블 영화 처음 재미없다 중반부 부터 급 재미있어지는데 이번 페이즈도 기다려 봐야죠<br>근데10년은 좀...
57,와.. 데밋! 머독이 나온다고!!?
58,어떤 새로운 pc 랄 보여줄까 무지 기대된닷
59,"페이즈 5는 재밌는 영화좀 많이 나왔으면 좋겠습니다 이번엔 닥스2,미즈마블,노웨이홈정도 밖에 재미가 없었어요.."
60,"마블이 지금 드라마로 욕 먹는 상태에서 영화랑 드라마 둘다 질도 보장이 되질 않으니 위태위태했는데, 앤트맨3 다음부터 어떻게 하냐에 따라 앞으로가 달라질듯 하네요.. 메인빌런의 부재가 좀 컸었는데 캉이 이렇게 포스를 뽐내주니까 다시 마블 영화가 기대가 됩니다."
61,칸 떴다아아아아!!!!
62,겟 아웃 오브 히얼~ 와~~<br><br>완전 네이티브 발음이네유~
63,"멤버십 테스트<a href=""about:invalid#zCSafez""></a>"
64,멤버십 테스트
65,사실상 mcu최고의 발명품은 핌입자라는것이 기정사실화된ㄷㄷ
66,미쳐버린 멀티버스
67,아저씨 또 예고편 떳어요
68,어벤져스 6에서 리부트한번하면서 진입장벽 낮추면 완벽
69,과연 앤트맨에는 어떤 PC가 묻어서 나올까?
70,영상 업로드 기다리고 있었습니다. ㅎㅎㅎ
71,캉 연기하는분 동물 성대모사하던 ... 그?
72,적어도 블랙팬서보단 나은듯
73,진짜 ㅈㄴ 기대된다
74,ㄷㄷㄷㄷ
75,자꾸 마블이 어려워졌다 하는데 그냥 시벌 킬링타임으로 영화쳐봐 모르면 리뷰유튜버 많잖아 걍 그거 보면서 이해해 ㅅㅂ
76,일부로 유출한거야 친구들아 마케팅이라고....
77,근데 캉이 모든 영화.드라마에 출연하면 저 배우는 돈 오지게 벌겟노 ㅋㅋㅋㅋ
78,이야  대단하네 ㅋㅋ 그러면 잘하면 몰래 숨겨뒀다가 아이언맨도 나올수도 ? 크하하 엄청나게 기대 된다
79,솔찍히 이젠 마블영화 별로 기대가 안되네요...
80,난 솔직히 지금 마블이 원하는 스토리는 좋다고 생각함<br>근데 영화 하나하나마다 그 이어야 하는 스토리를 ㅈ박고 재미도 없고 PC만 ㅈㄴ 떡칠해대니 평가가 좋을수가 없음 지금 마블은 초심을 다시 찾고 영화를 만들어야함
81,이건 또 어케 이기나?
82,무한리부트가 가능한 애가 빌런이면 머 어케잡는다는거지?
83,난 상치때부터 마블 놓아줘서 쭉 무띵만 보고 영화는 안보고 있는데.. 역시나 점점 뇌절하는 느낌이다..
84,코믹스 시크릿워즈를 모르시나요?
85,내용만 보면 캉이 너무 사기 캐릭터라 어벤져스 시리즈에서 최종전을 벌여 뭘 어떻게 승리한다해도 그게 진짜 승리가 맞는지 알수가 없어 보이네요
86,아니 웡 또 나와??! 진짜 멀티버스사가에서 웡 등장씬들만 취합하면 영화한편 나오겠네
87,오
88,알고리즘에 자주떠서 자주 보긴 하는데 오프닝이나 영상 억텐좀 제발.. 일부러 노인소리내는거 진짜 급식들이나 유치하게 할만한건데.. 볼때마다 불편함
89,보지마세요 애초부터 이렇게 해왔는데 왜 님말 들어야함
90,어벤져스 이후 영화들이 흥행 못하는 이유가 이후 영화들은 복잡해지고 마블팬 아니고선 스토리 이해를 못하니 재미가 없는거ㅋㅋ 거기다 드라마랑 이어지게 만들어 놓으니ㅋㅋ마블팬 말고 드라마 보는 사람 별로없음ㅋㅋ
91,스토리대로만 흘러가도 진짜 대박....
92,마블.... 디즈니...... 망함.....
93,"캉...배역자체가 전혀 매력이없는데<br>타노스처렇 무게감하나도없고, 두꺼순입술에 얼굴절반이 코만보임<br>블랙워싱 적당히좀"
94,무비띵끄형 영상을 본 구독자들은 띵끄형이 설명을 잘 해줘서 어느정두 이해를 하겠지만 띵끄형 영상 안본 사람들은 거어...마블 영화 이해 하기 힘들겠는데요
95,나만 이해안됨?
96,스파이더맨이랑 이터널스는 어떻게 합류하게 되는걸까요..?
97,사람들이 마블 기대 안된다고 하지만 다들 그 누구보다 마블을 기대하고 있음..ㅋㅋㅋ
98,다음 어벤져스 팀업무비에서 과연 로키도 등장할것인가
99,어우 복잡하네
100,단순 질문인데요 미즈마블에서 나온 두세계관이 합쳐지면 한세계는 없어진다 라는게 인커젼이랑 같은건가요??
101,"조금 마블 진행이 아쉬운게 초반에 어벤져스 영웅들의 개인 스토리 + 어벤져스 스토리까지 좋았는데 인피워 엔드게임 전 또는 아이언맨, 블위, 캡틴 떠나기 전 시크릿인벵젼 또는 멀티버스 개념들을 인기 영웅들이 있을때 같이 조금씩 진행시켰으면 좋지 않았을까.. 너무 급하게 진도를 빼는거 같은데"
102,갈수록 너무 복잡해져서 피로감이 장난 아니네요
103,캉 왠지 다크사이드 배낀것 같은데 디자인이...
104,이제 마블 내용이 점점 뭔가 어려워지네요 ㅜㅜ ㅎㅎ
105,캉과의 전투에서 이기려면 왓쳐를 인식할 만큼 쎈 영웅이 등장해야 하는데... 누굴까?
106,"우리는 늘 같은 실수를 반복하며, 늘 실망할 걸 알면서도 기대한다"
107,솔직히 마블이 떡락한 건 이런 방대해진 세계관과 어려운 설정들이 아니라 그냥 디즈니의 pc주입 하나 때문임
108,솔직히 세계관이 너무 발산하다 보니 현실감도 점점 없어지고. 뭐만하면 시간여행하고 멀티버스로 가버리고.. 발생하는 사건들의 존재감이나 무게감도 없어지고.. 이젠 좀 피곤하기까지 하네..
109,홀리 쉣......지렸다....
110,내가 가장 좋아하는 앤트맨 ㅎㅎㅎ
111,이야.. 앞으로가 기대 되네요
112,로키 이후 캉의 행보가 궁금했는데<br>와 지리네요...<br>개인적으론 타노스의 포스보다 뭔가 캉이 더 압도적인거 같습니다
113,영상  잘보고  있습니다<br>근데  한가지  채널명이  무비 띵크보다는  마블띵크가  맞는것 같습니다<br>다른  영화도  소개해주시면  무비띵크     안하실거면  마블띵크가  어울립니다.   수고요
114,닥스2에서 멀티버스란걸 해놓고도 말아먹은 걸 보면 음.... 설정에 집착하지 말고 재밌고 짜임새 있는 영화를 만들어줬으면 좋겠네요.
115,"다시금 가슴이 뛰고 웅장해진다,,,,"
116,이제는 싯팔 드라마를 안보면 영화가 이해가 안되는 시대가 되버렸구나.... 미즈마블 별로 같아서 걸렀는데 앤트맨을 이해 못하게 생겼네
117,미즈마블 안봐도됨.미즈마블은 그냥 몇가지만 아시면됨. 데미지 컨트롤은 걍 나쁜놈들이다. 캡틴마블빠다.
118,전혀상관없을듯
119,와 진짜 개미쵸따
120,머리 나쁜 애들은 이제 마블 못봄 ㅠ
121,솔직히 라인업은 기대되는데 마블이 어떻게 만들지가 궁금하다.. 언젠가부터 흥행도 저조해지고 호불호 심해지고 문제있음 ㄹㅇ
122,앤트맨 3 라길래 오 개미새끼 3 나온다 했는데 영상 시작부터 &quot;개미새끼 떴냐!!!&quot; 이거나옴 ㅋㅋㅋㅋ
123,캉 vs 베놈 구도볼수있을듯
124,제발 킹갓엠페러제너럴충무공마제스티 더 정복자 캉님 엔드게임 이후 느슨해진 마블 시네마틱 유니버스에 핑거스냅 같은 긴장감을 주세요!!!!!!!!!!
125,이대로만 나오면 앤트맨3은 본다
126,이거땜에 로다주 다시 만났나니 하는소리가 들리는건가
127,오오 쩐다....!!!!하다가<br>어벤저스쯤에 샹치감독이 시원하이 국밥 말아뿌겟지....???ㅋㅋㅋㅋㅋㅋㅋㅋㅋㅋㅋㅋㅋㅋㅋㅋ
128,요즘 안되니까 킹부로 유출 띄우는게 보이네<br>삼성전자 갤럭시 공개전 유출 띄우는것마냥
129,형 썸넬 자동재생만으로도 형 목소리가 들려....
130,아이언맨 사망까지는 그리스로마 신들 이름을 붙인 질서정연한 태양계를 항해하다가 이후로 태양계를 벗어나니 질서가 무엇인지 인간의 인지로는 파악하기 어려운 세상이 펼쳐진거같습니다
131,🖐😆😆😆
132,이제 마지막 불꽃같아요<br>근 몇년간 마블이 찍은 영상물들은 유튜버들 정리영상이 훨씬 재미있네요<br>이슈몰이도 안되는 수준까지 떨어져서 이젠 본인들 작품을 정상적으로 공개하길 포기하고 <br>고의적 유출로 우리 아직 살아있다는 단발마를 내밷고있네요
133,엔드게임 2014타노스 잡는거 도왔는데.. 이젠 캉까지 상대해야하는 앤트맨.. ㅠㅠ
134,이건 진짜 기대된다...
135,내용 ㅈ도 없었던 닥스에 비하면 재밌겠는데
136,앤트맨 독립영화마저 가볍게 즐기기보다 떡밥회수에 초점맞춘 노잼영화만들지 않길<br>교도소 친구들도 나와줬으면
137,마블유니버스가 망하게 된다면 재미가 없어서 보다 복잡한 이야기때문일 것이다
138,진짜 캉이 앤트맨 만났을때 어떤 너를 죽였었다 하는 대사는 소름돋네요;;
139,너무 복잡해 ㅠㅠ
140,내년2월개봉이면 이거봐도 까먹음ㅋㅋ
141,형 가디언즈 오브 갤럭시3 유출 떳어 일해!!!!
142,또망할듯. 이젠 기대도 안됨 그냥 디즈니 뜨면 보면됨
143,걍 이번 패이즈 마지막은 엔겜처럼 전 스토리 몰라도 재밌는 작품을 만들면 됨 왜냐면 나는 아이언맨만 보고 어벤져스도 다른 작품도 안봤는데도 재밌게 봤음 만약 이해도 안되고 엥? 생각들면 그 시점부터는 마블은 놔줘야지..
144,아 근데 어벤져스 5 6   생각하니까 <br>본능적으로 기대하게된다.....하....
145,요청한 엔트맨 유출 자료 조사하시는거 힘드셨을텐데 올려주셔서 고맙습니다 몰랐던 내용 마이 알았네요
146,캉 안듸졌음?
147,엔드게임...까지 벌어진 이야기는 잔치같아서 정말 기대되고 그랬는데...<br>이번엔..... 음...걱정이 너무앞선다...ㅠㅠ
148,루머만 봤는데도 웅장하네ㄷㄷ 기대된다
149,스토리 모르고보면 왜싸우는지<br>쟤가 누군지 멀티버스가 뭔지 헷갈리는 사람 많겠네 타노스때는 선과 악이 명확했은데
150,강스포 주의<br><br><br><br><br><br>캐시는 레즈가되고 캉은 게이이고 앤트맨은 와스프랑 캐시보다 존나 약해집니다
151,이번 앤트맨은 간만에 마블다운영화가 될려나...
152,닥스2도 그렇게 기대했었...
153,와 내용 진짜 미쳤따ㅋㅋㅋ
154,띵크님 어여 빨리 쾌차 하세요~<br>담 방송 기대하고 있겠읍니다~<br>띵크구독자들의 기를 받으시요~~  훅훅 훅~~!!!🤗
155,어케 보면 스포당한건데 기분 좋음...
156,멘트 왜이렇게 웃겨요~ ㅎㅎㅎㅎ
157,유출은 못참지
158,"이제 마블은 보기 힘드네,, 개복잡"
159,솎아낸다고 솎아냈는데<br>누가 매번 유출시키는걸까요?
160,캉다이너스티 다음에 시크릿워즈라 캉이 최종빌런보스는 아닌듯… 문나이트가 캉시간대를 정리해버린다는 이야기도 있던데 어케될지
161,ㅈㄴ복잡하네 차라리 그냥 다시 수능을 보는게 쉽겠네
162,이제 마블이 너무 복잡해지고 퀄이 떨어지는듯
163,"보라돌이까진 명확했는데, 이제는 진짜 수십년을 이어온 코믹스가 썰푼다~ 요런게 되버리니까 벅차긴하네요^^"
164,어벤져스:대환장파티
165,웡은 안 끼는 데가 없네
166,에이 설마...... 설마 마블이형...<br> 나 잠깐   스파이더버스 생각했는데.... 설마 해주는거 아니지???<br>해주면....<br><br><br><br>나....<br><br><br><br><br><br><br>주거ㅓㅓㅓㅓㅓㅓㅓㅓㅓㅓㅓㅓㅓㅓㅓㅓㅓㅓㅓㅓㅓㅓㅓㅓㅓㅓㅓㅓㅓㅓㅓㅓㅓㅓ
167,마블아 돌아와...어디까지가니..<br>아니 어디부터가 잘못된거니ㅠㅠ
168,이젠 ㄹㅇ 스포라도 봐야 관심이 갈거같아서 보는중
169,긴장을 늦추지 말자...!<br>토르도 플롯 루머는 재미었다 하지만....
170,이제 로키가 다시 편입될수 있는거죠?
171,멀티버스폭발의 시작을 로키로 잡은거만봐도 이미 나올가능성 100이라 봅니다. 어벤저스에서 형과 함께 전투할 모습이 벌써 기대되네오
172,캉 존재감 너무나도 무시무시하다...ㄷㄷㄷ
173,저거 대항하려면 닥스에 완다까지 다 데려와야겠네.. 닥스는 돌아오겠지만 완다는 어찌될지
174,인커전이고 멀티버스고 복잡해지기만 하고<br>인피니티사가 끝나고 왤케 재미가 없어졌을까요.. ㅜㅜ
175,와 다른세계 영웅들 보는 재미가 쏠쏠하겠다
176,스토리 너무 복잡해지면서 갈수록 비호감 되는건 둘째치고 별로 대중적이지 않은 코믹스 히어로물 좀 그만 영화화하고 기존 히어로물이나 좀 잘 이끌었으면 좋겠습니다.이게 마블 코믹스를 다수 접한 매니아를 위한 소수의 영화인지 대중적인 영화인지 헷갈리는건 둘째치고 지나친 PC로 재미마저 감소하는 추세니 마니 아쉽네요. 엔드게임 이후 스파이더맨 하나 빼고는 죄다 외면하게 되니 원..
177,기존애들만으론 한계가 있으니 파이를 늘리는거임. 그리고 페이즈4는 외면안받았습니다. 이터널즈빼곤요
178,말티바쓰 싸까 너무 어질렵다
179,아 스포 앗.....
180,캉 이상민 닮았다는 생각 나만 했냐
181,무비띵크님도 결국 토르이벤트 안뽑아주시겠지....
182,와 저대로 나오면 초대박이겠네.... 슬슬 멀티버스 대 전쟁의 초석이 나오기 시작하는듯
183,강력한 히어로들은 다 퇴장했는데 타노스보다 더 강한 적이 나타나면 어벤져스는 어떻하라고;;;
184,정복자 캉 넘 기대됨
185,모비우스하고 웡의 영화가 나온다는데 사실이까요?
186,뭔소리인지 하나도 모르겠다. 나의 마블은 이미 다른 유니버스로 가버렸구나. 다시 다 챙겨볼 엄두도 나질않네.
187,근데 요즘 마블이 좀 재미가 없어서 걱정되긴함
188,이래도 ‘안 나가’ 에서 진짜 나갈뻔했잖아 횽~~~
189,이정도면 일부러 유출 시킬수밖에 없을꺼같은데 ;;ㅋ 이야기가 너무 광대해서 이렇게 미리 알아야 영화를 더 이해할수있을듯.
190,근데 솔직히 이젠 제목만 다르지 다 같은 영화 같음
191,어벤져스 빌드업이나 주요사건을 이끈게 캡틴아메리카 시리즈인데  정복자캉 스토리는 앤트맨쪽이 이끌어가는듯?
192,"<a href=""https://www.youtube.com/watch?v=pGMd9IeiYZ0&amp;t=0m06s"">0:06</a> x댓다는줄"
193,요즘 마블 아주... 이번 작도 망할지 기대가 됩니다.
194,뇌절마블
195,힘들게 아내찾앗는데 또 잃게되네….
196,근데 양자영역에서는 불확정성 원리때문에 물체가 어딨는지 제대로 볼수도 없는데<br>점마들은 양자영역에서 어떻게 도시를 만들고 사노???
197,이제 곧 나올 마블시리즈보다 이게 더 기대되네
198,이제  유튜브로 보는걸로 만족한다
199,미쳤다
200,무띵 오빠 아픈것보다 일이 우선인거 알지? 아픈척 말고 노동의 길만 걷자! 사랑해! 덜렁덜렁
201,형님들 캉이 왜 죽어도 다시 나오는지 자세히 설명좀 부탁드립니다
202,예고마다 엄청난기대감 관람후 실망감...벌써 몇번째인지
203,마블 작품들을 요즘 보면서 정말 이해하면서 보기는 힘드네요 ㅠㅠ 하지만이렇게 설면해주시는 분들이 있어서 다행입니다. 앤트맨 정말 마블시리즈에서도 좋아하는 시리즈인데 재미있었으면 좋겠습니다. 좋은 영상 감사합니다.
204,너무 복잡해진 세계관을 어떻게 풀어갈 것인지.. 오래전 입문한 나는 계속 기대하며 보고 있지만 늦게 입문한 울 아들은 점점 흥미를 잃어가더라~
205,혹시 파라오캉이<br>등장하면 콘슈도 등장하려나? 제발 문나이트도 영화로 나와주면 좋겠다 ㅠㅠ
206,파라오캉에게 복수하려는 엔사바누르 아포칼립스도.....
207,나는 빡빡이형의 큰그림을 믿을래..
208,진짜 ㅈㄴ재밋겟다 … 빌드업하고잇는 지금 존망이라는 븅신들 25년쯤 되면 역시마블이라며 개빨고잇을게보이네
209,아직 멀었네요...
210,PC범벅 마블에 돈 시간써가며 볼 이유가 없어짐
211,저 캉이란 놈도 게이일수 있음
212,저 보라돌이 누님 볼때마다 생각나는건데 여자 카사딘 아니냐
213,와 쓔바 캉 카리스마 개지리네
214,영화 다봤네...
215,와 이대로 나오면 개쩌는 빌런 캉이 나올듯ㄷㄷ
216,???:캉캉캉캉 사랑해요 캉캉캉캉 좋아해요 캉캉캉캉 영원토록
217,캉 왕조에서 캉을 물리치게 되지만 멀티버스의 근간은 캉이 었기에 인커전 발생  그사이 닥터둠이 시크릿워즈 이벤트 발생
218,삼각관계 쓰리섬 PC랑 스캇 빼고 나머지 세 여자가 의기투합해 싸우는 PC만 안 나오면 재미있겠군
219,&quot;아ㅋㅋㅋㅋㅋ 캉이 복사가 된다고ㅋㅋㅋㅌㅋ&quot;
220,앤트맨3는 뭐 스포를 당하고 봐야 오히려 내용을 이해 할 것 같은 느낌(?)인데;;;ㄷㄷ
221,일부러 유출한거 같은데 ㅋ
222,이미 복잡하다... 뇌용량을 넘어버린 세게관... 재미도 감동도 이해도 힘든 시나리오는 이쯤에서 아이언맨이 꿈꾼걸로 정리하고 다시 페이즈1으로 돌려줘...ㅠㅠ
223,이 형 유출 보기 싫은사람 나가라고해서 지난번 와칸다 유출때도 안보고 넘겼다? 근데 샌디콘 2025 영화 총정리 영상에서 블팬 유출 언급하면서 닥터둠 언급해서 뒷통수 맞음. <br>그래서 이번 앤트맨 유출본은 영상 봐버림. 또 뒤통수 맞을 거 같아서… ㅠ
224,"마블 최대의 장점인 대중성을 멀티버스라는 진입장벽으로 장점을 없애버리는게 상당히 우려스러움 .,멀티캐스팅의. 시너지 효과에만 의존하는느낌"
225,모독도 원작 코믹스의 네임드 빌런 중 하나인데 이렇게 쓰기엔 좀 아깝지 않나 하는 생각은 드네용. 별개로 유출대로라면 굉장히 재미있을듯
226,ㅇㅈ…진짜 케릭터 소모 왜이리 심함.. 디즈니 무슨 지구 종말 날짜라도 알고 있나 너무 서두르는 느낌
227,대체 빡빡이 케빈 형의 호크아이를 뚫고 플롯을 유출시키는 사람은 누굴까
228,와 캉 임팩트 쩐다..타노스 ㄹㅇ 맞먹을만할듯
229,저런 능력이 있는 캐릭이 있는데 인피니티 스톤이고 뭐고 다 부질 없어 보임.
230,실제로 로키에서 인피니티스톤은 그냥 문서받침대로 쓰입니다. 능력 발휘가 안되는거임
231,오늘도 등장하는 불리맥과이어
232,뭔소리인지 하나도 모르겠어요 ㅠㅠ
233,멀티버스로 간 후부터 마블은 노잼이 되어버렸으
234,이번에 디즈니플러스 쉬헐크에서 브루스 베너 은퇴할줄 알았는데 아니고 앤트맨에 계속 나오네요 오히려 좋아
235,인피니티사가에선 가벼운 분위기의 영화로만 기억되었던 개미남이 이렇게 무겁고 페이즈의 중심이 되는 이야기로 돌아오니 기대가 안 될 수가 없네요..
236,큰그림만 그리지말고 개별 작품 완성도좀 높여라
237,갑자기 어밴져스 기대치 팍 올라갔으면 개추ㅋㅋ
238,아니 그럼 제우스 같은 신들이 더 쎈거에요 아니면 캉이 그냥 마블세계관에서 그냥 짱인거에요?
239,캉자체 무력은 아마 생각보다 약할겁니다. 토니스타크과거든요. 대충 안죽는 아이언맨vs제우스 생각해보세요
240,아 영화 다봤다
241,베일은 러브앤썬더에서 무너졌는데?
242,이제는 앤트맨... 너만 믿는다...!!
243,블랙팬서 : 와칸다포에버<br><br>&lt;미리 예습할 작품&gt;<br>블랙팬서<br>어벤져스 : 엔드게임<br><br><br><br>앤트맨과 와스프 : 퀀터매니아<br><br>&lt;미리 예습할 작품&gt;<br>앤트맨 (필수)<br>앤트맨과 와스프 (필수)<br>어벤져스 : 엔드게임<br>로키 (필수)<br>닥터스트레인지 : 대혼돈의 멀티버스<br>미즈마블 (필수)<br>변호사 쉬헐크<br><br>ㅋㅋㅋㅋ 이젠 마블을 미리 <br>공부하고봐야함 ㅋㅋㅋㅋ
244,딱히 그럴거 같진 않은데?
245,굳이 그런거 볼 필요도 없고 솔직히 이해력 개병신 아닌이상 리뷰영상만 봐도 될꺼같은디
246,인커전을 향해 달려가네
247,이제 기대되지 않는 마블....
248,조만간 강씨(kang)성을 가진 사람은 해외에서 고통좀 받겠누
249,(단순 질문) 정복자 캉 쟤는 무슨 능력이 있어서 최종보스로 등극한 건가요? 보니까 그냥 평범한 인간에 다른차원에 자신이 있는걸 안다는 정도밖에 없는거 같은데.. 닥스나 완다처럼 마법 부리는것도 아니고... (혹시 로키 봐야 능력 보여주는 장면 좀 나오나요?)
250,평범한 인간은 맞는데 과학기술이 삼십몇세기 과학기술이라 사실 어떤 초인보다 더 말도 안되는 능력을 가져도 쩔수없음
251,특수능력있는 배틀아머로 포스쉴드도 만들고 블래스트도 쏘고 영상에 나오듯 죽여도 죽여도 계속 다른 캉이 소환돼서 불사신이나 마찬가지용
252,로키 6화 꼭보세요
253,아마 어벤져스6는 어벤져스4때보다 스케일이 커질겁니다. 상당히 기대됨. 크리스에반스 출연권남았고 어벤져스 멤버에 로키 데드풀에다가 엑스맨 판포까지 어벤져스어셈블하면서 달려들 장관 2025년까지 어떻게 참냐
254,근데 뒤져도 계속나오면 타노스처럼 단한명의 적이라는 느낌이없어서 긴장감이덜하고 ㅈㄴ 찝찝할듯ㅋㅋ
255,끊임없이 나타나는 수천년 앞선 과학자를 어떻게 해결해야되는거야?
256,"솔직히 여태까지의 앤트맨은 토르시리즈, 캡아시리즈, 닥스시리즈, 스파시리즈에 밀려서 기대 안하는 영화였는데 페4부터 다 망한것도 있고 정복자캉 등장이라는 점 때문에 이제는 제일 기대 걸어볼 작품됨…"
257,"근래 나온 mcu 영화들의 문제점 중 하나가 짧은 상영시간으로 인해 편집된 장면들이 많아져 개연성이 떨어진다는 것인데, 앤트맨에서는 부디 저 내용들을 알차게 담기 위해서는 140분 이상으로 만들었으면 좋겠네요."
258,인정인정인정
259,@장재호 디즈니에서 러닝타임을 좀 줄엿다는 얘기도<br>근데 걍 ㄴㅈ이긴 했어
260,진짜 닥스2나 토르4도 상영시간을 늘려서 여러요소들을 더 챙겼으면 어땠을까
261,앞으로 마블 대환장이네;;;
262,"솔직히 난 이렇게 복잡한게 잘외워져서 좋음, 영화에서 베일, 인커전같은 용어나 현상이 나오면 나올떄마다 전영화에서도 나온게 생각나서 오히려 좋은거 같음"
263,저도
264,와 퀀터매니아 유출인데 유출하나때문에 시크릿워즈 진짜 개같이 기대된다
265,웬지 영화가 안드로메다로 갈것처럼 복잡한데 한편에 다 담을수 있을지 걱정이네
266,그동안 2번의 배신을 당했으나 또 기대하는 나는 뭐지
267,인피니티 사가 이후로 이제 후속작들에 대한 기대감이 바닥까지 떨어져버려서 유출본을 봐도 아무런 감흥이 없네요
268,기대안하게되는 pc충 득실 졷블 ... 페미pc충들이 열심히 팔아주시길 ...
269,미쳤다 ㅋㅋㅋㅋ 멀티버스 사가 ㅈㄴ기대되네
270,200일이라닝.... 스포당해도 볼수있음ㅋㅋㅋㅋㅋ 당장 앞에 개봉할 마블영화들이 많아서 일단 기대된다😲😲😲😲
271,스토리만 보면 제일 기대된다..
272,동성만 안나오길
273,인트로 댄스가 폴 러드<br>슬라빳따 베이스 댄스가 아니라서 아쉬웠다..<br>닥스때는 닥스댄스 넣어줬으면서!
274,아무리 생각해도 세계관 감당이 안될 거 같은데?
275,시간대가 이제 순서대로가아닌 여기저기 앞으로갓다가 뒤로갔다가...동시다발적으로 일어났다가...시부뤠...한산이나 봐야지
276,다주형 언제나와!!
277,딱  타노스 까지 어벤져스...ㅜㅜ   세계관 너무 커진다
278,정복자 캉의 목표는 시간대를 바꿔서 디즈니처럼 모든 위인을 흑인 여성으로 바꾸는거 아님? ㅋㅋㅋ
279,와..... 스케일이 너무 커지는 것 같은데
280,쿠키에 케이트비숍 등장한다는 루머도 있다네요
281,"나중에 나오는 어벤져스5,6은 인피니티워,엔드게임처럼 이야기가 이어질듯한데 어벤져스 캉 머시기에선 각 멀티버스의 어벤져스VS캉의 구도가 나올수도있을것같네요"
282,"엔드게임 이후 히어로,빌런 통틀어서 가장 기대되는 배우가 아닐까 싶네요"
283,기념품 이벤트 해주세요!!!!!! 무비띵크 굿즈 만들어서 이벤트 해주세요!!!!!
284,강호동이랑 같은 강씨인가?
285,"형...진짜 전부다 너무너무 좋은 영상 유익한 영상이고 너무 감사한데...<br><br>오프닝때 그 간드러지는 앵기는 목소리때문에 집에서도 소리 크게 틀어놨다가 확 줄인다 ㅜㅜ ㅋㅋㅋㅋㅋㅋ 그 넘치는 끼는 알겠지만, 형의 젠틀하고 형의 그것처럼 묵진한 목소리로 오프닝 해줄수 있을까? ㅜㅜ 엄마 누나 옆에선 소리를 도저히 키울 자신이 없다... ㅜ"
286,딱 여기서부터 시빌워 같은 기분이 들 것 같네요
287,아마 엔드게임 이후의 영화들에서는 웡이 필 콜슨이나 닉퓨리의 역할을 이어받는거같네요 샹치 스파이더맨 닥스2 쉬헐크 앤트맨 이렇게 다나오면서 영화들간의 연계를 보여주는 장치로
288,지구의 닉퓨리 역할은 웡 켑틴은 필 콜슨이 이어받는거 같내요
289,이래뵈도 소서러슈프림이라서 열심히 발로 뛰는건가요..
290,어후 점점 재미있게 게임하고 있는데 복잡하게 업데이트해서 게임질리게 만드는거 같다
291,ㄹㅇ 인트로가 다 해먹음
292,아 ㅅㅂ 이거만 봐도 지려버릴 거 같네 ㅋㅋㅋㅋ
293,이 거대하고 다양한 시리즈들을 하나의 맥락으로 합친 결과물을 만들 수가 있을지 의구심이 들정도로 세계관이 너무 커져버렸다... ㄷㄷ
294,@조붕 ㅇㅈㅇㅈ
295,@ㅎㅅㅈmcu가 흥한건 원작을 그대로 따라가서 흥한게 아님 재해석을 잘해서 대중성을 챙긴거지
296,@abcabc 예...?
297,@ㅎㅅㅈ 그래서 원작이 ㅄ인듯
298,유출내용은 지리네 실 영화에선 어떨지
299,와  재미있겠네요  기대됩니다  더이상가족영화가  아닌가  이제? ㅎ
300,개인적으로 오딘 영화 나왔으면 좋겠음ㅋ
301,타노스에서 끝내야 했었는데. . .
302,매 작품마다 유출나오는거보면 유출이 아니라 배포 아닌가 싶음
303,타노스의 포스를 넘을 수 있을지...
304,어려워서 마블 포기하고싶어지네
305,이번 앤트맨은  분위기가 겁나 무겁네요 ㄷㄷ;;
306,무비띵크님 덕에  끝없이 펼쳐지는 멀티버스를 열심히 정리하고는 있지만 마블이 세계관을 너무 확장시키고 있는것 같네요~ 영화 한편에 느꼈던 그 감동 재미는 없어지고 점점 SF 소설책 시리즈를 읽고 있는 듯한 느낌입니다 :)
307,우왕 기대돼
308,드디어 마블다운게나오는건가
309,저 플롯 구라라고하네요~
310,Only time will tell....
311,언제나 잘 보고 있습니다~
312,"제발 어벤져스 5,6때는 저렇게 쎈 애를 상대해야되는데 닥스가 그만큼 쎈 존재로 묘사되길....ㅠㅠ 노웨이홈이랑 닥스2때 너프를 너무 씨게 먹었어.... 페이즈5부터 아이언맨 캡아급의 존재가 될거라면서...."
313,난 개미보다 거미가 더 좋다고
314,아니 진짜 이런 영상 유출하는 사람들은 도대체 무슨생각으로 이런짓을 하는지 정말 감사합니다 😻😻😻
315,지금 지구 616는 박살나도 된다
316,인피니티워 연상 브금 소름 돋네..<br>이게 뭐라고 몸이 부르르 떨려<br>마블은 진짜 전설이다...<br><br>와 인피니티워 앤드게임은 그냥 개미 발가락보다 작은 일부였어??<br>세계관 너무 크자너 미쳤다 미쳤어 ㄹㅇ<br>마블은 진짜 죽을때까지도 영화 나올듯
317,와 이렇게만 나오면 ㅈㄴ재밌겠다
318,일단 MCU영화는 영화관에서  이제 안봄 돈아까움
319,축소 확대의 액션 기대함
320,역시 멀티버스는 무섭다..
321,"멀티버스가 시작된 이후로 스토리가 엄청 복잡해지고 입문 하기도 어려워진건 사실이지만 이 복잡한 내용을 마블이 잘 다듬어서 만들고, 관객들도 그걸 잘 이해한다면 진짜 미친게 하나 나올듯."
322,@양산형 영화 샹치는 그냥 중국무협영화 보는거 같아서 그닥이였는데
323,기대안함 ㅋㅋㅋ디지니 pc버전된후 망함
324,지금 나온것들 중에 샹치가 제일 나아보이는데ㅋㅋㅋ 별로 걱정안됨
325,샹치 감독 나만 괜찮나.... 샹치를 너무 기대안하고 봤어서 그런가
326,@내가댓글을쓰면어그로가끌림 샹치 감독이면 나빠보이는데
327,와씨 스포를 봐도 재밌을듯
328,와 플롯 루머만 들어도 미쳤다... 이건 재미 없을수가 없겠는데...?
329,제발 잘 뽑아라 제발
330,우리 캐시 너무 예쁘게 잘 컸다으 ㅜ
331,개쩌네. 저 플롯대로만 내어도 만족하겠다.
332,뭔가 점점복잡해지는듯....?
333,멀티버스라는 소재가 인물들을 죽여놓고 &#39;응 괜찮아 다른 차원이야&#39; 정도로 이용되기 시작하네 좀 실망스럽다 마블의 행보... 아이언맨의 죽음은 정말 장엄했는데 그 이후로 죽는 누군가는 정말 &#39;소비&#39;되고 끝이다. 닥터 스트레인지2에서 그 정점을 찍은줄 알았는데 멀티버스를 다루는 마블영화는 이제 계속 그러나보네
334,@shw1993 원작 그러는거 모르는바 아닙니다 마블영화가 성공한건 원작이랑 똑같아서가 아니라고 생각하기때문에 원작이 그러니까 영화도 그럴건데?가 안먹히는거죠
335,이제 그러기 시작하는게 아닙니다 원작코믹스에서도 히어로가 죽으면 다른 시리즈에 다시 등장하는 일이 허다합니다. 죽여놓고 다른 차원이야 이러는 것도 원래 원작에서부터 그랬어요 mcu에서 원작의 멀티버스가 이제 나오기 시작해서 그렇게 보이는 것일뿐 원래 원작대로 하고 있는 겁니다
336,윙없으면 mcu세계관 망하겠네
337,와씨 개재밌겠네
338,플롯으로 시나리오가 간다면 영화 하나를 통채로 예고 편인셈이네요..<br>영화 하나를? 통채로? 투비컨티뉴? 하.. <br>가득이나 영화비도 비싸지고 있는데 쯥.
339,한마디로 요약하자면 캉은 죽어도 죽어도 나타나는 바선생과 같은 개념이네.
340,그냥 마지막에 싸울때 캉이랑 완다랑 싸웠으면 좋겠다…염력덩어리 말고 진짜 카오스매직이랑 룬으로…
341,이제 마블 영화 별로 기대가 안 됨 ….
342,진짜 기대되네요 드디어 진지한 떡밥들이 풀려나가네요 이래야 재밌어지지
343,페미 pc에 비벼진 마블이지만..<br>아직 개미ㅅㄲ는 나름 청정지역이군요
344,이젠 진짜 앤트맨 뿐이야 ㅠㅠ 제발 잘 나와줬으면 ㅠㅠ
345,진짜 이 영화를 기준으로 다시 그 웅장함들을 받았으면 좋겠다
346,@에헴 데드풀 처럼?
347,@cOoOb 솔직히 pc도 영화 잘 만들면 묻힘 그동안은 pc가 나오면서 스토리가 ㅈ망이라서 그렇고
348,@박진서 pcpc
349,지금 유출된 플롯대로 잘 이끌어가면 왠지 예전의 마블의 명성을 복구할수도 있을거 같다
350,캉에게 복종하는 캡아 아이언맨도 나오겠네 와 그럼 팬층도 행복회로 터지고 출연료도 터지고
351,차라리 캉이 지구 616을 없애고 다른 지구에서 시작된다고 하면서 캡아 아이언맨 다 다시 불러모아!!!
352,이제 마블시리즈 하나도 기대가 안됌
353,앤트맨3가 어벤져스로가는 시작점이되겠구나 오호
354,오 얘기만 들어도 흥미진진하구만요
355,인커젼에 카마르타지까지 나왔으면 스칼렛 위치도 다시 나오려나 ㅍ
356,와...이거 보니깐 존나 잼있겠다.
357,바쁘다 형.. 이제 가오갤3 남았어...아무리 아파도..일해 얼른...
358,그럼 결국 죽이는게(막는 것) 불가능한 존재인데...과연 이게 해결되는 사건일까...<br><br>원작에서 캉은 어떻게 되나요?
359,됐다 .... 토니 살려서 데리고 올 수있다 .... 철심장 아오....
360,앞으로 갈수록 원작팬들은 정말 좋아하고 흥미진진하겠지만 원작을 모르는 사람들은 진입장벽이 많이 높아질듯
361,PC에 엠흑 참 재미있겠네
362,형 지구 19999에서 616으로 바뀐거 한번 다뤄주라!!!
363,제발 페이즈5 는 흥해줘 🥺 🥺 🥺 🥺 🥺
364,"앤드게임에서 안 끝내고 후속을 내려면 차라리 코믹스처럼 거의 어벤져스 세계사를 만드는게 훨 괜찮다고 생각함. 근데 그렇게 될려면 아이언맨, 캡아, 블팬, 완다 등 중심 인물들이 필요한데 얘네를 시크릿 워즈에서 가져오면 스토리상 젤 말이 되지 않을까 싶음."
365,근데 그 앤트맨이란 울트론이랑 만나는 영상도 유출됬던데 그건 뭔가요??
366,재닛 죽는건 너무 섭섭한데..ㅠ 절절한 노년 커플의 사랑이야기 너무 소중했는데 이렇게 보내면..
367,앤트맨 2 때 죽었어도 안 이상했음 ㅋㅋ
368,뭔가 마블이 점점 하나의 영화를 위해 여러 영화가 떡밥용으로 되는거 같다
369,ㅈ망했나보네 유출하는거 보니
370,ㅋㅋㅋㅋ 기대되는건 빌런인 캉이랑 앤트맨 가오갤 밖에 없다 다행히 캉이라는 캐릭터가 매력적인 느낌이라는거
371,놀라운건 정복자캉의 마블속 설정이 종족은 인간임..
372,"안될과학이 좋아할 영화겠네요... 시간,양자역학"
373,아 영화 다 봤다 티켓값 굳었노 ㅋㅋ
374,캉이 타노스와 같은 포지션이라면 나중에 죽은 과거의 어벤져스들 다른 버전들을 데려와서 지금의 어벤져스와 단체로 싸움시키는 하일라이트가 나올지도 모르겠네요
375,와.. 진짜 줜나 기대된다...
376,어케 이김..?
377,캉이 본격적으로 등장하는 <br>영화라니 거기에 변종들까지 집합한다고 하니 안볼수가 없내요
378,유출본에서 캉이 나와서  앤트맨 벙찐 표정 짓고 있는데 <br>캉 : 내가 너 죽였었는데 <br>라고 말하는거 보고 지렸었슴<br>캉 표정이 섬뜩함이 느껴졌슴 .. 진심 .. - _-)b 감정 1도 없는 표정 ..
379,이제 마블은 더이상 극장용 영화는 아닌듯.....마블도 예고편이 다인 영화가 되가는 중....<br>어벤져스 이후 점점 재미가 없음....
380,앤트맨 그 유쾌한 친구들은 안나오는건가
381,사랑의 불시착?
382,ㅓㅜㅑ
383,3편은 망할수없다...
384,PC쳐발리기시작하면서 부터 유일한희망
385,페이즈4는 멀티버스에 대한 데모버전격인느낌적인 느낌이네요. 기대됩니다. 퀀텀매니아!
386,으아! 나 스포 보기 싫었는데! 겟 아웃 오브 히얼이 무슨 뜻인지 몰랐어(?)
387,형...솔직히 무슨말인지 하나도모르겟어 ㅋㅋㅋ
388,근데 유출은 마블이 일부로 푸는거임? 아님 그냥 진짜 보안이 허술한거임?
389,음. 무띵형 휴가 잘 대녀오셨죵!! 이제 열일의 시간입니다!!!
390,이야 이거 정신줄 놓은순간 이해못하겟는데!? ㅋㅋ 정신줄 잡고 봐야겟다 ㅋ
391,엔드게임이후 진짜 타율이 한 10% 될가 말가한 상황인데 과연 잘 이어갈수 있을지...
392,기대치로만 보면 엔드게임 이후 나온 영화들중에 최고인데 과연 어떤식으로 연출을 할지.. 조루소 형제가 맡았던 인피니티워나 엔드게임과는 분위기가 많이 다를거같은데 부디 이것마저 망하지말고 평타라도 쳐주길
393,정복자캉이 다른차원의 아이언하트랑 블랙팬서도 데려왔음 좋겠네 ㄹㅇ
394,완다 무조건 필요해디겠네…
395,형 사랑해
396,마블 어째 갈 수록 뇌절인거 같냐
397,사랑해
398,마블 영화 볼려면 마블 세계관 공부 하고 봐야 하는거냐?  어벤저스 이후 기대 1도 안되는 마블영화들.
399,마블에게 남은 마지막 남은 희망... 가오갤 그리고 앤트맨...
400,삼눈이 아조씨는 어벤저스 영화까지 다른 히어로들 영화엔 안나올까요?
401,"멀티버스는 양날의검...<br>잘해도 본전 못하면 변명이 될거같에요<br>이번 버전의 히어로만 이상햇을뿐이라던가<br>다른배우를 섭외 다른 각본으로 짜잔!<br>말주변이 부족해 제 설명이 잘 전달될지 모르겠지만 끝으로 하고싶은말은 &#39;그&#39; 디즈니 버전 즉 다양성과 소수를 보여주며 변질 해도 멀티버스는 가능하지롱이 되고 <br>점점 우리의 심장을 뛰게하며 2년 3년을 기다리며 기대감만으로 버틸수있게해주던 인피니티사가 같은 큰그림은 나올수없을거같음 안그럴거같다구요 베놈2, 토르4를 보고도요??<br>이제 나오게될 블랙펜서2예고편을 보면 눈치빠른분들은 아실거같에요<br>근데 이얘기를 왜여기서 하냐구요 제가 사랑하는 띵크형 채널이 그런 영화 억지로 잡게될까봐 너무슬퍼...."
402,지렷따!!
403,혼란하다 혼란해
404,원래 앤트맨 안 좋아했는데<br>이제 이거 말곤 기대할 게 없어졌다..
405,"<a href=""https://www.youtube.com/watch?v=pGMd9IeiYZ0&amp;t=1m20s"">1:20</a> 캐시랭 콧구멍에 코딱지가 있네... 설마 앤트맨과 와스프인건가? ㄷㄷㄷ"
406,캉이 타노스급 빌런이 될수있을까
407,&#39;Get out of here&#39; 는 &quot;나가면 죽어&quot; 란 뜻인가?🤔
408,정복자 캉이라고 하면 너무 길니 강복자라고 하죠
409,대런이 빨려들어간 후 옐로자켓의 문제로 모독으로 변이했다 이거 킹능성 있네요<br>그리고 칸의 쫄따구인 어벤져스라니 그거 볼만하겠네요.
410,스파이더맨 노웨이홈 이후로 기대 충족하는 마블영화가 없었는데<br>앤트맨만큼은 배신하지 않기를
411,요즘 마블 영화를 기대하지 않고 기다렸는데 이건 너무 기대가 되네요^~^
412,주목 해야 하는건 캐시랭 역할의 배우가 기존에 에마 퍼먼에서 캐스린 뉴턴이라는 것 이는 단순히 배우만 바뀐것일수도 있으나 현재 앤트맨이 원래 자신이 속한 유니버스가 아니기에 다른 멀티버스라는 점을 알려주는 떡밥이 될 수도 있는것
413,@귤동이 증거가 차고넘치고<br>엔트맨 감독이 이번영화에서 많은게 바뀐다 했음
414,엔드게임부터 다른 지구라는 썰이 있던데
415,솔직히 이 작품을 통해 멀티버스로 어떤어떤 세계관이 나올지 궁금해지네<br>개인적으로 타노스가 히어로가 되는 이슈의 오마주로 히어로 타노스 세계관 나왔으면 좋겠다
416,세계관이 너무 커져서 어쩔수 없긴한데 앤트맨 1편에서 보여줬던 앤트맨 특유의 잠입액션이나  초능력없는 악당들을 상대로 보여주는 사이즈 업다운 액션이 그립네요.
417,먼저 이거 봐야지 ㅎㅎ
418,캉의 어벤져스나 가오갤이 나온 이유는 시크릿 워즈에서 다른 멀티버스들끼리의 전쟁을 의미하는 것 같기도 하네요
419,앤트맨 만큼은 기다려진다 ㅎㅎ
420,ㄱㅁㅅㄲ는 기대된다ㅋㅋㅋㅋ 루이스는 안 나오려나..
421,10년 후에도 이 채널이 있을지는 모르겠지만 캉 멀티버스사가 끝도 여기서 볼 수 있겠지..?
422,아 괜히 봤다... 이거 모르고 영화관에서 봤으면 진짜로 지렸을 듯
423,차피 영화관가면 장면보고 기억은 나도 재밌는 장면때는 싹 잊어버림<br>나도 엔드게임 유출 다보고 스포 다 당하고 갔는데 어셈블 장면때 그런생각 1도안나고 진짜 입벌리면서 봄
424,나도 예고편 유출리뷴줄 알고 계속보다가 뭔가 이상함을 느꼈는데도 끝까지 봐버림ㅋㅋㅋ̆̈ 하
425,닥스 이마에 눈깔 볼때마다 한숨만 나오네...차라리 웡 비중을 늘려줘 ㅎㅎ
426,마블이 씨지회사 엄청 갈구면서 일시킨 다는데<br>왠지 씨지회사 직원이 스토리 유출 시키는거 같음ㅋㅋㅋ<br>일 하다가 개빡쳐서
427,스파이더맨 다음으로 제일 기대됨
428,형 어서 와 기다렸어
429,"만약 이번 앤트맨이 진짜 애매하게 끝나버리면 이 영화만 망하는게 아니라 남은 페이즈 4, 5, 6이 한꺼번에 망할수도 있음..."
430,앤트맨3가 페4 지나서 페이즈5예요. 페4는 이미 이대로 망했음
431,맨날 마블 버려야지 버려야지 하는데 그동안에 역사를 쉽게 잊어버리긴 힘든가봐요ㅋㅋㅋ 나올때마다 기대하지 말자고 다짐하는데 기대하게 되네요ㅋㅋㅋ
432,앤트맨 까지는 근본이라 안버림
433,형 개미띵크 할 때는 어둠의 댄서 대신에 i love you man 에서 폴 러드가 slappin da bass 하는거 넣는거 어땡?
434,근데 페이즈4부터 뭔가 내용 유출이 굉장히 많아진거 같네요..?! 이정도면 일부러 조금씩 흘리는건가
435,형 이제 일시작하는구나
436,☝🏻👶🏻
437,복잡한건 좋은데<br>조잡하다는 느낌이드는건 왜일까
438,"<a href=""https://www.youtube.com/watch?v=pGMd9IeiYZ0&amp;t=0m50s"">0:50</a>"
439,확실한건 이번 영화도 그 자체로 완결된 스토리를 지니는게 아니라 유니버스의 부품 중 하나일 뿐이라서 보는 재미는 좀 떨어지겠네요
440,여지것 마블영화들중에 그렇지 않았던 작품은 단 하나도 없음
441,일해라.....
442,세상에.. 재닛을 어떻게 데려왔는데 이렇게 죽다니..ㅜ
443,휴가끝 일 시작
444,개미쫘앙~ &gt; ㅁ&lt;
445,캉캉!
446,느려..
447,왱케 이번에도 정보만 많고 재미없는 영화가 나올거같은 기분이들지…?
448,캐시예쁘당
449,다른 앤트맨 영화 아직 안 봤는데 이건 꼭 봅니다 <br>I love Kang
450,캉 대사 ㅈㄴ소름이네 예고편 빨리 나와라
451,슈발 캉 존나 무섭네...
452,우와
453,이정도면 닥스보다 웡이 비중이 더 크지 않을까
454,닥스보단 웡이 소서러슈프림이면서 몸값도 싸니ㅋㅋ
455,그냥 상상일 뿐인데 앤트맨 패밀리의 다른 세계 버전이 등장한다 치면. 어벤저스 캉 다이너스티에서 기존 현재 mcu 세계관에서 죽거나 은퇴 처리 된 초창기 어벤저스 맴버가 한번 등장할 가능성도 얼핏 있겠네요. 캡아나 아이언맨 등등..... 문제는 출연료일것인가....
456,@Ian Jung ㅇㅇ 그게 시크릿워즈거든 <br>원작
457,@뚱배친구들 시크릿워즈가 더 확실할거 같긴 한데 캉 컨셉상 다른 지구의 히어로를 불러오는 장면도 상상이 되더라구요. 로다주버전 아이언맨이 슈페리어 아이언맨이라던가....
458,@류강운 크리스에반스는 한편 남았다고 들은듯 나도
459,나온 마블영화들 거의다 말아먹어서 단발성이라도 예전 기존 캐릭 나올듯..
460,정말 이 엔트맨이 인피니티사가의 결말부로 이어주는 단추가 되었듯<br>멀티버스사가를 이어주고 납득시켜줄 수 있는 영화가 될 수 있을지..<br>부디 논란거리 없이 무난하게만이라도 나와줬으면..
461,어림도 없지 대런크로스 모독 성전환 ㅋㅋㅋㅋㅋ
462,@ᄒᄒᄒᄒ 없을수가없음 이젠
463,PC 무적권 나온다
464,개미는 모르겠고 캉이나 내놔
465,이 모든걸 도데체 어찌 풀려고하지????대가리 깨지겠다.각본 작가들.어벤져스 때와는 차원이 다르자나<br>영화를 보는 관객도 대가리 뽀개질듯
466,오...페이즈 4 끝나고 삼스파 이후 처음으로 기대가 되는 영화다...제발...
467,이건 진짜 흥미진진하다
468,진짜 앤트맨이 인피니티 사가나 멀티버스 시가의 핵심키네 ㅋㅋ
469,유출된 내용으로만 보면 앤트맨3편보다는 어벤져스5를 위한 빌드업인데 거기에 앤트맨을 곁들인 느낌임. 과연 앤트맨의 매력을 잘살릴수 있을지.. 그냥 일단 영화가 재밌기만 하면 좋겠어요
470,"닥스도 후속작 빌드업 영화였잖아,,,"
471,@증명하는사람 ㅇㅈ
472,유출 내용 결말부만 보면 좀비극적인 엔딩일거 같은데 어벤져스 인워처럼 다음 작품떡밥만 남긴채로 끝날듯..
473,시빌워에서도 앤트맨 아니였으면 액션에서 임팩트가 줄어졌었겠죠.
474,분석완벽하네요
475,재밌당
476,결국 캉과의 싸움에서 이기기 위해 다시한번 인피니티 스톤을 찾으려나 난 왜 그럴거 같지
477,@LE⚚V⚚EL 전 기대 10%도 안남은듯
478,@아아 tva도 그렇고 캉이 시공간을 아예 지배해버린게 넘 큰듯
479,@moeye 근데 또 왓이프랑 닥스 타노스 사망 멀티버스 보면 뭐... 솔직히 마블은 모르니까 지켜봐야죠 제발 그놈의 pc요소 제발 포기하고 안넣었으면 좋겠어요 제발제발 디즈니가 마블 망치는거 같아서 스트레스 받습니다
480,​@moeye tva내에서 아무런 마법도 안먹혀서 그런거 아닌가?<br>울트론은 스톤 다얻고나서 멀티버스 썰고다니니
481,멀티버스 사가에서 스톤들은 아무가치가 없다는걸 로키에서 보여주지않나?
482,진짜 웡은 계속 나오네 ㅋㅋㅋㅋㅋㅋ
483,개미 없는 앤트맨팀...
484,개미 army가 앤트맨팀 도와 줄 거라고 들었어요
485,이건 재미있겠지?
486,내가 유출영상들은 아예 안보는데 무비띵크꺼는 좋아요만 누르고 되돌아가겠다!
487,스케일 미쳤다….. 그치만 어벤져스5까지 이어지는 빌드업인건 알겠는데 ㅈ같은 pc질 좀 그만ㅋㅋㅋㅋㅋㅜㅠㅠㅠㅠㅠ
488,됐다 이정도면 이제 영화 안 봐도 되겠다
489,ㄹㅇ 캉이렁  한판뜰려면 완다 있어야 하는거 아니냐 ㅋㅋㅋㅋㅋㅋ
490,머레이…당신은 나쁜 사람이에요
491,근데 페이즈4 에서는 웡이 가장 많이 출연 했네요.<br><br>샹치-스파이더맨 노웨이홈-닥터스트레인지:대혼돈의 멀티버스-쉬헐크
492,오이형 사이드킥 오이웡 엌ㅋㅋㅋㅋ
493,오이형비싸 진짜존나비싸
494,이유가 그냥 몸값이 젤 싸서 많이 나로는거임ㄹㅇ
495,출연이겠죠
496,@June 없음
497,후 기대 안하고 봐야 그나마 낫겠지.. 기대 안댄다 안대~~
498,과연....엔드게임 급의 감동과 재미를 줄 수 있을지
499,"어머 형, 몇 년 만이야?"
500,아 갈수록 어려워지네요 …이만 하산해야하려나봐요 …
501,형 가오갤3 도 유출 됬어 쉬지 말고 가즈아~~!!!
502,이야 웅장하다..
503,또 속아준다
504,어벤져스5의 중심키인 캉은 어떻게 될것인가? <br>죽어도 계속 다른 세계에서 오는 그<br>와 인커젼.....! 그럼 앤트맨3가 닥스3와의 떡밥...?
505,형 역시 믿고보는 형이다
506,Get out of here 를 이해하지 못해 다 보고 말았습니다. 책임져요
507,"마블은 이제 캐릭터를 살리기보단 그냥 자기들의 그림을 위한 도구로밖에 쓰지 않는다는 것을 알았다. 이게 앤트맨인지 양자역학맨인지 도저히 모르겠다 그냥ㅋㅋ 앤트맨과 밀접하게 관련된 빌런들이 꽤 있는데도 캉을 사용하고, 크기 자유자재로 조절하고 개미와 함께 하는 아이덴티티는 다 팔아먹고 그냥 양자역학과 멀티버스를 위한 부품으로만 철저하게 써먹는구나, 답이 없다 마블은ㅋㅋㅋ 이게 캉 소개 영화지 어떻게 앤트맨 영화냐"
508,엔트맨은 지금 마블처럼 망할거라고 단정지으면 뭐 어떡하라고 제발 보고 까 떠날꺼면 지금 떠나지 꾸역꾸역 보고 계속까는건 무슨심보냐
509,@경감 인피니티사가 자체가 스톤 등장 필요없다는건 뭔 헛소리..? 당연히 영화 속에 그 설정 녹여내서 관객들한테 적응시켜야 하는게 맞는데 생각하는 수준 안타깝다ㅋㅋㅋ 혹시라도 그럼 이번 영화도 똑같은거 아니냐고 할 생각은 말아라~ 장장 10년 가까이 느리고 단단히 빌드업 쌓은 인피니티사가라는 것과 5년도 안되는 기간으로 후다닥 마무리될 멀티버스사가의 첫장인 이번 영화라는 차이점이 있단다~
510,"@경감 가오갤이랑 이번 유출 내용을 같다고 생각하는건 그냥 니가 영화 제대로 안보는 무지성 쉴더인거 인증이지 뭐, 가오갤이 파워스톤 위력 보여주기 위한 도구가 되긴 커녕 오히려 파워스톤을 도구로 써서 가오갤의 유대감을 보여준 마무리까지 있던 영화가 가오갤1인데ㅋㅋㅋ.. 이번 유출처럼 캐릭터 능력,특징,감정선 다 팔아먹고 오직 캉 위력 보여주기식 부품으로 쓰진 않았는데 뭔ㅋ"
511,@경감 그 모독조차 등장부터 캉 부하로 나오는 데다가 중반 이후엔 아예 아군된다는 영상은 귀막고 눈감고 봤나봐요~
512,@지훈 글쎄? 인피니티사가 자체도 스톤들 등장안시켜도 되는데 스톤 등장시켜서 영화자체를 그림으로 써먹은건 똑같은데? 뭐가 다르다는거임? 가오갤이 스톤찾으러다니는 목적으로 모인게 아닌데 스톤 모으러 다니는건 어떻게 설명하려고 ㅋㅋ 그리고 엔트맨3도 모독이 빌런이잖여
513,제발 와칸다 포에버 후로 다시 부활하자 마블아..
514,@올ᄏ 진짜 주인공 딸 레즈로 나오면 울거야
515,진짜 앤트맨 이거는 PC 묻을 만한 곳도 없으니까 제발 좀
516,@아잉눈 왜 저걸 못 알아듣지?
517,디즈니인데?
518,ㅠㅠ
519,거미띵크에 이은 개미띵크.. 떴냐..?
520,무태식이.. 돌아왔구나?
521,밥먹으면서 봐야지 ㅋㅋ
522,명칭 개미새1끼라 부를거같았는데 진짜셨네
523,형 없던 시간이 몇년처럼 느껴졌어
524,블립됬누
525,시간은 흐르지않아 존재하는거지 무띵은 존재해
526,양자세계갔다왔노 ㅋㅋㅋ
527,형 없던 몇년이 한시간처럼 느껴졌어
528,여기선 하루가 1년 이였어요
529,고스트는 어디간거임?
530,무비띵크 개같이 복귀!
531,지렸닫ㄷㄷㄷㄷ
532,"기대를 해볼까요 말까요,,ㅎ 안해야 좀 재밌게 볼수있으려나… 마지막희망이다 개미야,,"
533,저는 그냥 캉을 보기 위해 볼 겁니다
534,희망게이 아니 개미
535,@행복이 저건 멀티버스 사가의 최종보스인 정복자 캉이 나오니깐 진짜 마지막희망인듯.
536,우리...번개띵크도 마지막 희망이라고 하지 않았어? ㅋㅋㅋㅋㅋ 사랑해 마블
537,멋참지~~
538,맹구
539,무띵님 고생하시고 재밌게 잘보고있은것과 별개로 마블이 이제 안땡김.... 노웨이홈 이후로 다 실망만함 ㅠㅠ
540,@jake 2 안봐요~
541,보지마세요~
542,가즈아
543,진짜 언제 기다리냐 이걸 ㅠㅠㅠㅠ
544,@Nubmasster69 네<br>Nub가 아니라 noob임 수정 ㄱ
545,@내가댓글을쓰면어그로가끌림 솔직히 올해 나온 영화가 페이즈4 뒤에서 2등(토르4) 3등(닥스2)할 정도로 똥을 싸질러놔서 기대 안되는것도 이해함
546,@stsdfasdad 닥스도 기대했지만 망하고 토르도 기대했지만 좀 실망ㅠ 앤트맨까지 망하면 마블 손절~
547,@stsdfasdad 무지성 억까질 하네 난 기대되는데?
548,기대가 전혀안됨ㅋㅋ
549,1
550,구뜨 아주 좋아 무띵이…역시 건강보다 영상이 먼저인 걸 아는 구나?
551,띵크 떴냐...? 띵크 떴다...!!!
552,다른거 모르겠고 엑스박스비디오 보다가 앤트맨 뜨길래 바로 왔다
553,무띵떴다~~~~
554,개미띵크??!!!!
555,형 휴가 잘갔다왔구나!
556,1 고정좀
557,@X X ㄴㄱㅁ
558,ㄷㅊ
559,와
560,형.....쉬지마...
561,개미띵크~
562,"안녕하세요, 올원입니다._x000D_<br>_x000D_<br>오늘 댓글에서는 영상과는 관련 없는 개인적인 이야기를 남겨볼까 합니다._x000D_<br>_x000D_<br>인트로 영상을 보시면 아시겠지만 올원채널은 2018년 후반부터 시작해 3년 반가량을 운영해온 채널입니다._x000D_<br>_x000D_<br>가끔 댓글을 보면 팀 단위로 운영하는 게 아니겠냐고 추측하시는 것도 본 적이 있는데 지난 기간 동안 홀로 운영해왔고 지금도 홀로 운영해오고 있는 채널이죠._x000D_<br>_x000D_<br>오늘 이런 이야기를 꺼내고 있는 건 그간 애써 외면해왔던 현실의 벽을 느꼈기 때문입니다._x000D_<br>_x000D_<br>올원채널은 엔드게임 이후 마블은 물론 모든 영화업계가 침체에 빠졌을 당시 시작했기 때문에_x000D_<br>_x000D_<br>처음에는 언제 개봉할지 모르는 마블 작품을 기다리며 그 소식을 전하는 방식으로 이어왔고 이후에는 작품에 대한 분석을 위주로 채널을 이어왔습니다._x000D_<br>_x000D_<br>그렇게 매일 15시간가량을 영상 분석과 제작에 몰두하며 열정을 쏟아부었고 이제 와서 뒤돌아봐도 결코 짧은 시간은 아니었다고 생각합니다._x000D_<br>_x000D_<br>그런데 얼마 전 한 구독자 님께서 &quot;영상에 좋아요가 너무 적은 것 아니냐&quot;라는 댓글을 남겨주신 것을 보고 개인적으로는 큰 고민에 빠졌었습니다._x000D_<br>_x000D_<br>그리고 그 고민으로 시작된 또 다른 고민은 그간 외면해왔던 다른 분들과의 비교로 이어졌고 결과적으로는 최선을 다했다고 생각될 만큼 노력한 것에 비해 현실의 벽은 높구나, 언제까지고 이렇게 혼자만의 고집으로 시간을 보낼 수는 없겠다는 결론으로 이어졌습니다._x000D_<br>_x000D_<br>물론 지금도 심한 날엔 아침에 침대에서 일어나기도 힘들거나 손가락에도 마우스 클릭할 힘이 안 들어가는 날도 있을 정도로 지난 기간 동안 목이나 손목, 허리 등 건강이 많이 무너져버린 것도 그 결과에 어느 정도 영향을 미쳤고요._x000D_<br>_x000D_<br>제 자신도 이런 여러 요건과 상황을 늘 인지하고 있음에도 올해까지만 더 해보자는 마음가짐으로 지금까지 버텨왔는데_x000D_<br>_x000D_<br>앞으로 언제까지 더 영상을 제작할 수 있을지 모르겠습니다._x000D_<br>_x000D_<br>원래 구구절절 누구나 가지고 있을법한 사연을 늘어놓는 건 별로 좋아하지 않기 때문에 여태껏 영상과 관련 없는 내용은 언급한 적이 거의 없었지만_x000D_<br>_x000D_<br>적어도 지난 몇 년간 올원채널을 꾸준히 찾아주신 구독자 님들께는 이러한 심경의 변화를 미리 알려야 할 것 같아 이런 죄송스러운 글을 남기게 되었습니다._x000D_<br>_x000D_<br>올원채널의 마지막 영상이 언제가 될지는  모르겠지만 그때까지 좋아요 많이 눌러주시고 채널이 더 성공할 수 있도록 많은 응원해 주시면 감사하겠습니다._x000D_<br>_x000D_<br>올원채널 드림"
563,다른 겉할기마블유투버보다 올원님이 최고입니다.  모두 구독해주세요.
564,토닥토닥...
565,마블빠로서 마블띵크 삐맨  올원채널 삐맨 욘두의마블 등등 신생채널 부터 두루 보긴하는데.. 나름 근본있는 올원님이 이렇게 말씀해주시니까 슬프네요  항상 잼있게 잘보고 감사해하고있습니다 우리 같이 힘내요
566,회원제 운영도한번해보새요 후원해주실분들많을거에요!
567,마블 영상 분석이랍시고 올리는 사람들 한 트럭을 갖다놔도 올원님 한 분만 못합니다.<br>분석같지도 않은 분석을 분석 영상이라고 올리는 사람들이 너무 많죠...<br>진짜 분석 영상은 올원님 채널 뿐입니다.
568,캉을 없앨 단하나의방법힌트<br>노웨이홈 닥터 젠장!!!피터 너 때문에 모든 피터파커를 아는 놈들이 몰려오고 있어!!!<br><br>노웨이홈 엔딩피터 지구의모든 사람들이 저를 잊는다면요???<br><br>노닥 뭐?<br><br>노피 지구의 모든사람들이 저라는 존재자체를 잊는다면 대형 사태를 막을수있겠죠??<br><br>노닥 그래 막을순잇지 하지만 너란 존재는 모두가 모르게될거야 명심해
569,이제 마블 놓아줄때가 된거가틈...
570,건강보다 중요한게 많이 없죠.<br>파이팅입니다!
571,항상 잘 보고 있습니다. 부담감을 좀 내려놓으셔도 될 것 같아요. 응원합니다!
572,올원님 채널이 얼른 구독자 수 많아져서 영상만드는 즐거움에 하루하루 보내실 수 있기를 바라는 1인 입니다 조용히 좋아요를 누르면서 봤던 영상 또 보며 조회수 라도 올리는 것 밖에 해드릴 수 없네요ㅠㅠ힘내세요 올원님
573,분석 다 해놓고 다틀림.그때 어벤져스3/4<br>나오기전 머머카더라들 떡밥어쩌고 영화 유투버들 싹 다 틀림.
574,제가 원하는 답을 내주는 채널입니다 항상 응원해유
575,조회수 13만회! 알고리즘 탔구나
576,양자는 QUANTUM인데요<br>QU와 UM을 제외하면 ANT 개미가 됩니다 양자영역은 개미들의 영역 그자체인 개미굴처럼 은근 복잡한거라 스콧이 들어갈수밖에<br>멀리갈것도 없이 전작에서 애완개미였던 앤소니(ANTHONY)즉 앤트라는 말장난을 이용한 단어가 이번애도 이어졌다할수있죠
577,찐빼이
578,로키에서 스톤들 그렇게 많이 나왔는데 별 쓸데도 없는 취급하던거라 과연 어떤식으로 취급하려나.<br>암튼 지금까지 잘 보았습니다.
579,예고편 어디서보나요 ..
580,여긴 제발 pc 없길
581,어휴 유치해 언제까지 우려 쳐먹을거냐 마블 하나님 까지 등장시키고 아직도 마블 마블 거리면서 지들끼리 빌런 나열하면 덜 떨어진 저능아 같음
582,이번엔 재밌게 나오려나........
583,캡틴이 스톤 돌려놓으는거 영화 나오면좋겠다 시리즈나 ㅠㅠ
584,올원님 분석과 함께 마블작품 함께하면서 작품이 더 즐거웠습니다. 모든 것을 혼자 하시느라 얼마나 고생 많으셨어요. ㅠㅠ 조금 지치시면 쉬어가셔도 괜찮습니다. 다만 꼭 채널은 계속해주세요.. 원작 코믹스의 몰랐던 내용도 알아가면서 마블작품 즐길 때 더 지식이 풍부했습니다..! 항상 좋은 영상 감사드립니다. 그리고 힘내시길 바라겠습니다 ㅠㅠ
585,깔끔하고 영상 좋아요 힘내세요!
586,"솔직히 올원님 채널이 마블 채널 중에서 제일 좋아요! 항상 댓글도 달고 좋아요도 누르고 있습니다. 오랜 기간 운영해오신 만큼 그간 스트레스도 많으셨겠지만 저처럼 응원하고 있는 사람들도 많다는 걸 알아주셨으면 좋겠어요!! 물론 올원님이 어떤 선택을 하시던 여전히 응원할 것입니다! 모쪼록 몸도 마음도 건강하시길 바라요 ㅋㅋ 모든 것엔 끝이 있고, 올원채널도 그렇겠죠,,(아쉽지만ㅜㅜ) 그 때가 언제가 되더라도 때까지, 그리고 그 이후로도 저는 쭉 올원님을 응원하겠습니다 :)"
587,항상 응원합니다
588,올원님 채널이 많이 알려져 구독자수가 떡상해야하는데 많이 아쉽네요
589,엔트맨 이후 옐로우자켓 투구가 로키에서 잠깐 나왔었죠 다음 엔트맨에 투구가 왜 거기 버려졌는지 나오지 않을까 싶기도하고
590,빌 머레이가 양자영역에서 머레이쇼를 하기 시작하는데..
591,그런데 올원님 진짜 하루도 빠짐없이 열심히 올리시네..ㄷㄷ
592,앤트맨과 와스프 퀀텀매니아 가설<br>1:에서 스콧랭이나 행크핌에게 안좋은 일이 일어날수도 있을것 같고 스콧이 당시에 겪은 일들이 시리즈 전통의 주크박스를 통해 엔드게임 당시일들이 요약으로 나올듯합니다 스콧의 세얼간이 친구는 스냅사건으로 인해 2편에서 할려던 사업이 망한상태라 스콧의 매니저 역할로 등장할 가능성이 매우높죠 이터널스에 나온 킨고와 그의 집사같은...  <br>2:스콧이 자신이 알던 지구가 아니란걸 스스로 느끼고 있고 호크아이에 나온 로져스 뮤지컬에 참전한적도 없는 뉴욕 전쟁(어벤져스 1편)에 자신이 출연한게 이상한걸 느꼈다면<br>3:이번 버전의 캉은 코스믹 큐브같은 오브젝트를 통해 뭔가를 할려한다면 지난 멀티버스 워(로키 시즌 1)에서 히 후 리메인즈 캉에게 패한후 오랜시간동안 다른멀티버스를 정복하기를 원했던 캉이.토르4를 통해직접 등판한 이터니티에게 가는 포탈을 열어 소원을 빌듯<br>4:저도 이번예고편에서 깜짝놀란점은 공개영상을 잘보면 샹치 쿠키에서 텐링의 신호를 보여줄때 3D입체화를 보여준적이 있는데 영상초반에 똑같은장면이 지나갑니다 그리고 정복자 캉 나올때 원형 바닥문양은 신성한 타임라인 그러니까 수많은 타임라인들이 하나의 브릿지를 이루는 신성한 타임라인과 굉장히 흡사
593,예상대로 색깔할당제 적용해서 흑인 등장
594,장담합니다 앤트맨 친구 중 한명 게이가 되어있을겁니다.
595,숏츠도 제작해주세요 채널이 사라지는 걸 원치 않습니다
596,방법을 찾아야겠지만 올원채널 댓글 추첨하여 매주 5분 씩 떡볶이를 지원하고 싶어요. 제가 떡볶이를 판매하니 그렇게라도 지원하고 싶습니다.
597,M.O.D.O.K이 보르미르에서 아직도 나 혼자 살고있는 레드스컬과 묘하게 비슷한데 차후 캉이 재등장할 차기작 빌런여부를 떠나 개미굴과도 같은 양자영역에서 길을잃은자들을 정복자 캉의 도시로 안내하는 역할을 맡고있는듯합니다
598,이제 이 채널을 알게 되었는데.... 구독도 하고 좋아요도 누르면서 잘 시청할게요
599,멤버십을 개설하는것도 좋은 방법일것 같습니다 이정도 퀄리티의 영상이라면 일정 금액을 지불해도 좋다고 생각해요<br>올원님 화이팅 하시길 바랍니다!
600,저도 가입할 의향 있습니다
601,"만약 대한민국에 마블학 박사님이 있다면 당연 올원님입니다<br>친절하고 디테일한 설명을 넘어서 때로는 어? 내가 지금 뭔 소리를 듣고 있는거지 ??<br>하게 만드는 다양한 심층 분석에다가 영상 퀄리티까지ㄷ<br>마블에서 오피셜로 한 자리 줘야 되지 않을까? 하는 생각이 들 정도 라고 생각합니다 ㅋㅋ<br><br>다른 구독분들도 여러 의견을 쓰셨지만 본인 몸, 건강을 못 챙기면 아무것도 할 수 없습니다<br>저도 1년 반 전쯤에 위암 3기 판정받고 수술, 항암 끝내고 지금은 회복하며 쉬고 있지만<br>그냥 살아 있다는 것만으로도 감사한 마음이 드니까요<br>힘드시면 좀 더 천천히 하셔도 되고 번 아웃이 왔다면 쉬었다가 오셔도 됩니다<br>부디 아프지 마시고 오래 오래 행복하셨으면 좋겠습니다<br>항상 응원 하겠습니다 !!"
602,"올원님팬 채널에는 찐팬들만 모여서 그런게 아닐까요? .. 올원님은 진짜 마블을 사랑하는게 보이셔서 너무 좋아요 다른 유튜브는 다른영화섞여서 막 리뷰하기도 하고 … 전 잘보고있는데 마블실망이라는둥,, 물론 실망은 할 수 있겠지만 잘보고있는입장에서는 그렇더라구요 무튼 그래서 전 타 채널 더 안보는것같아요 응원합니다!"
603,누구보다도 올원님이 유명해지길 바라는 구독자중 한명입니다. 영상 조회수 좋아요는 알고리즘 노출이 무엇보다도 중요합니다. 대형 채널 또는 편집자들은 알고리즘 노출을 위해 엄청난 노력을 하고 있는걸로 알고 있고요. 올원님 분석력은 타 채널에 비해 넘사벽이라고 항상 생각하고 있었지만 조회수가 낮다는것에 저도 공감하는 바입니다. 그래서 해당 채널이 알고리즘에 노출되었으면 하는 바램이 간절하네요
604,알면 알수록 신기한 마블의 세계
605,ㅠㅠ올원님 힘내세요 2년간 양질의 영상 아주 잘보고있는데 혼자서 이런영상을 만드시는데 이렇게 많은시간을 투자하시는지 몰랐네요 응원합니다 꼭 잘됐으면 좋겠어요
606,여러분들의 좋아요와 댓글이 알고리즘에 도움을 주니 앞으로 선좋후감을 조금씩 실천하는 시청자가 되도록 노력해보아요!!😊
607,구독이랑 좋아요 눌러라아!!!!
608,"저도 간간이 영상은 보면서 구독은 잊고 있었네요. 평소에도 엄청난 정보력과 분석들을 보면서 영상에 엄청난 공을 들이시는 분 이라고 생각했습니다. 그래서 영상도 채널이름을 보며 믿고 클릭했구요. 이번 고민을 우연히 접하게 되었는데, 구독도 안하고 좋아요도 안하고 이제껏 댓글 한번 단 적없는 저를 돌아보게 되었네요. 절대 그만두지 말아주십시요. 계속 양질의 영상을 만들어 주세요. 이제껏 멀리서 봐왔지만 정말 응원하고 싶습니다. 그 노력과 진심들이 보였으니까요. 마블 팬인 저에게 항상 소중한 채널이었습니다. 올원님의 영상은 항상 진실됩니다. 힘내세요 올원님!"
609,나 원래 댓안다는데 형꺼에 달아야겠네 댓글1이라도 늘려야 티클도 인기가 점점 있을거같아 진짜 올원 형꺼 보면서 미래를 내다봐도 다맞추는거라 너무 좋아했는데 제대로 더 좋아하고 좋아요 눌러야겠어 <br>형 아프지말고 늦어도 몸 쌩쌩 할때 돌아와도 되니까 계속 기다리고 있을거야 제발 아프지말고ㅠ진짜 힘네  아자아자 화이팅 <del>올원진짜원</del>
610,힘내세용! 마블자체가 지금 하향세라 그런것도 있는듯합니다.. 조금 더 판을 키우셔서 마블이외의 리뷰나 분석영상같은건 어떠신지용?
611,안녕하세요 저는 이준우입니다. 항상 채널 잘 보고 있고 마블 영화 볼 때마다 너무 많이 도움되고 있습니다. 올원 님의 채널을 좋아하는 만큼 어떤 결정을 하시더라도 끝까지 챙겨볼게요! 항상 좋은 영상 만들어주셔서 진심으로 고맙습니다☺️
612,저기요
613,소리소문 없이 사라지시면 진짜 울겁니다 저..
614,개인적인 생각+워너비 로는 머독은 안나왔으면 좋겠고 캉에 대해서 멀티버스랑 연계해서 보여줬으면 좋겠음...<br>지금 뉴페이스빌런 캉하고 직접적으로 연계된 옴니버스가 앤트맨 제외하면 로키밖에 없고 간접적으로는 닥스밖에 없어서 나중에 뜬금 어거지로 모든 캐릭터들을 한페이즈안에 우겨넣을 가능성이 매우 높음.<br>(지금 마블디플이 하는 꼬라지보면 충분함)<br>그 근거가 추후 나올 판타스틱4와 닥터둠인데 고작 1시리즈만으로 연계하기엔 너무 어거지 분량밖에 안됨.<br>로키2를 감안하면 적어도 2에 이와 연계되는 다른 캐릭터들이 적어도 2명 이상은 나와줘야 어벤저스가 이해되는 그림이 나옴.
615,오 보셧구나
616,페이즈 4 = 4 PC
617,개인적으로 마블에서 앤트맨이 제일 재미없음
618,마블 드라마 챙겨보는 것도 지치는데  올원님 리뷰는 가뭄에 단비인 것 같아요 심적으로 힘드시겠지만 조금 더 볼 수 있었으면 좋겠네요 화이팅입니다 ㅎ
619,근데 모독은 캡아 윈터솔저에 나온 인공지능이 원작에서도 모독인데 그건아닐꺼같은디…
620,목소리가 너무 졸려서 2분이상 못듣겠어요 ㅠㅠ 죄송
621,아 유튜브 뭐하냐 알고리즘 좀 띄워라... 이분은 돈 더 벌어야해😭
622,농담이 아니라 진짜 마블 다루는 채널 중에 올원님이 제일 좋아서 항상 올원님만 기다렸어요 다른분들 영상도 좋지만 저는 올원님이 제일 좋아요 군대에서도 올원님 영상을 계속 즐겨보았어요 물론 건강이 우선이기때문에 올원님이 먼저예요! 항상 좋은 영상 감사합니다 :) 아프시면 꼭 쉬세요
623,올원채널님 마블의 큰그림 가설 너무 감명깊게 보았습니다. 행복회로 돌리자면 2대 아이언맨이 할리 키너가 아니라 생뚱맞게 흑인 여자가 된 이유도 나중에 어벤져스 시크릿 워즈에서 지구 199999는 할리 키너가 아이언맨이고 지구 616은 흑인 여성 친구가 아이언맨 구도를 보여주지는 않을까요 ㅋㅋㅋ
624,그동안 올리셨던 영상들 좋아요가 1천 넘은적이 없던거같은데 오늘 올리신지 몇시간 안되어서 1천개 넘어서 너무 기쁩니다!<br>올원님 앞으로 계속해서 유일무이한 마블 정밀분석채널로 남을 수 있도록 여기 들어오시는분들 모두 영상올리실때마다 좋아요 꼭 눌러주심 좋겠습니다ㅠ<br>좋아요 눌리는거 1초도 안걸리니 들어오심 일단 좋아요부터^^
625,ㅇㅈ여기만큼 정보 지대로 된도 없는듯
626,그리고 잊혀진 고스트
627,믿고 보는 올원님<br>그동안 고민이 많으셨군요…<br>올원님은 제일 좋아하는 마블 채널입니다. 성실함과 뛰어난 분석력으로 덕분에 마블영화를 몇 배는 더 재미있게 볼 수 있게 해주셨어요. 언젠간 더 많은 사람들이 올원님의 진가를 알게 될 날이 올거라고 믿습니다. 항상 응원합니다.
628,"<a href=""https://www.youtube.com/watch?v=zY_uoYEgfno&amp;t=0m31s"">0:31</a> 현대자동차가 아직도 앤트맨에는 협찬중인가 보네요.? <br>앤트맨 영화에서는 벨로스터가 나오더니 이 장면에서는 와스프가 현대 싼타페를 타는군요."
629,열심히좋아요누르겠습니다!
630,근데 개인적으로 미첼카슨은 어떻게 되었을지 되게 궁금함.
631,항상 다른 채널과는 다른 관점으로 세세하게 분석해주셔서 재밌게 보는 한 구독자입니다. 올원님의 고퀄 영상을 더 보고싶은 마음에 미천한 구독자로서 썸네일을 컨셉을 더 관심을 끌도록 바꾸는 건 어떨까요? 갑자기 튀어나와서 이런말을 드려서 죄송합니다...ㅠㅠ 올원님 더 보고싶습니다...ㅠㅠ
632,무띵이랑 콜라보 합방 한번 갑시다
633,이 채널이 제대로 심층분석까지 하는 채널이라서 저도 몇년전부터 구독하고 쭉 보고 있습니다! 항상 응원하고 있어요! 건강하십쇼!
634,진짜 양질의 채널인데 그에 비해 구독자 수가 너무 작아요... 조회수도 그렇구요... 하 답답하네요.
635,유출 어디서 볼 수 있음
636,어벤져스5는 앤트맨 쿠키에서부터 시작하겠네요
637,"형 예전에는 여러 곳에 댓글들 보면 다른 마블유튜버분들의 내용만 언급됐었는데 요즘은 형의 분석 내용들도 많이 언급되더라구, 요즘 1일1영상에 많은 분석으로 힘들 것 같았는데 15시간이면...형 본업이 따로 있는지 유튜브만 하고있는지는 잘 모르지만 매일 올 필요도, 너무 자주 올 필요도 없고, 바로바로 분석영상 안 올려줘도 되니까 형의 개인적인 시간도 보내면서 휴식을 좀 취했으면 좋겠어. 일어날때 힘이 없고 손까지 떨린다면 정말 힘들다는 거고, 그 일을 알리기까지 정말 힘들었을텐데 알려줘서 고마워 형. 우리 아무도 어디 안 가니까 형도 건강 챙기고 천천히 와 형. 우리 오래오래 보자 형!"
638,@슈퍼수 엌ㅋㅋㅋㅋ
639,???: 왜반말인데?
640,빌 머레이가 원오브올로 나오는게 아닐까?
641,항상 잘 보고 있습니다!
642,타임스톤으로 만약 채널개설전으로 돌아가신다면 이 채널을 안만드실껀가요<br>만약 그렇다고 한다면 접는게 맞을수도 있겠죠<br>하지만 누구든 어떤일을 하든간에 흔히 말하는 현타는 옵니다<br>그게 꼭 돈을 잘벌고 못벌고를 떠나서요<br>그렇다고 제발 이 채널을 떠나지말아주세요<br>이런말은 아니구요<br>올원님의 타임라인은 올원님이 만들어가시는거니까요<br>어떤 선택을 하시든 항상 응원하는 구독자도 있다는걸 알아주시면 좋겠네요
643,앤트맨에서 새로운 최종 빌런이 나온다 해서 바로 영상을 찾아보게 됐습니다. 다른 영상들 보다 설명이 잘되어 있었어 너무 좋았습니다. 말씀해주신대로 영화가 개봉을 하면 엄청 재미있을것같습니다. 감사합니다.
644,"아마 이번 영상의 댓글들은 모두 볼 것 같아 남깁니다. 일단 그동안 영상들만해도 정말 저에게 많은 즐거움과 지식을 주어서 먼저 정말 감사드린다는 말부터 드리고 싶습니다.<br>다만 올원님의 현타는 조금 다른 방향인것을 말씀드리고 싶습니다. 타 채널들과의 비교란 다른 마블 리뷰어들(삐맨, 무비띵크 등)과의 비교를 의미하신다 생각하는데, 당연히 올원님의 영상이 내용면에서 훨씬 충실한것은 맞습니다. 다만 사람들이 원하는 수준의 영상은 그들의 것일겁니다. 이건 영상의 수준을 얘기하는게 아닙니다. 이렇게 마블을 깊게 분석하는것에 대한 얘기입니다. 축구 해설을 말을 재밌게 하는 사람과 축구 지식이 많은 사람 둘 에게 각각 시키면 아마 대부분의 시청자들이 말을 재밌게 하는 사람의 해설을 보게 될 겁니다. 대부분의 사람들에겐 깊은 축구지식보다는 재밌는 해설이 선호도가 높을 것이기 때문이죠. 이건 올원님의 영상이 재미없다는 뜻이 아닙니다. 마블 리뷰 영상들 중 올원님만큼 깊은 분석의 영상을 선호하는 시청자들이 단순히 적다는 걸 말씀드리고 싶은겁니다. 다시 한 번 저는 그동안 영상을 잘 봐왔고, 그것에 대해 감사드리고, 언제일진 몰라도 마지막 영상까지 쭉 볼 예정입니다. 다만 올원님의 진심어린 글을 보고선 저도 진심으로 올원님이 원하시는바, 잘 되시는 길을 찾길 원해서 글을 남깁니다. 올원님의 영상제작능력, 영상의 재미 정도, 영상의 주기 이런것이 문제가 아닙니다. 애초에 올원님만큼 깊은 분석을 좋아해 매번 찾아오며 영상을 시청할, 그만큼 마블에 깊게 흥미를 가질 타겟들이 많지 않은것이 문제입니다. 이 컨셉으로 충성도 높지만 적은 시청자들에게 후원을 받으시는 방법도, <br>조금 더 얕게 다수의 시청자에게 접근할 수 있는 방법도, 아니면 이 제작능력과 분석력 등을 다른데 쓰시는 방법도 올원님의 능력은 충분하시니 여러 방면으로 생각해 보셨으면 좋겠습니다. <br>모쪼록 건강 조심하시고, 앞으로 하시는 일 더 잘 되시길 바라겠습니다. 항상 감사했습니다"
645,ㅠㅠㅠㅠㅠㅠㅠㅠ 올원님 마음고생도 심하고 건강상의 문제도 있으셨군염 ㅠㅠㅠㅠ 마지막이라고 생각하기 싫을정도로 계속 오래오래 보고싶은 사람이지만.....몸 생각하시면서 천천히 올려주셔두 됩니다. 건강이 먼저지요. 올원님 편하게 쉬시면서 제작해주셔두 저희 올원님 팬분들은 언제나 기다리겠습니다. 몸건강이 먼저입니다 올원님 ㅠㅠ
646,좋은 영상 만들어주셔서 감사합니다
647,마블 리뷰 채널을 여러개<br>보지만 그나마 가장 심플하되 설명을 장황하게 흘리고 뻔히 아는 내용 재탕하는 다른 내용보다 괜찮은 채널입니다<br>흔들릴수있을지언정 잘하고 있으니 넘어지지 말기 바랍니다<br>혼자 고독하고  남들은 어떻게 판단할지는 버티면 언젠가 빛을 볼수 있을겁니다<br>마블빠였던 제가 사실 요즘 슬슬 김이 빠지는 감이 있었지만<br>그게 올원님이 같이 빠질만한 상황은 아니라고 생각합니다<br>충분히 잘하고 있습니다 그러니 버티고 힘내세요
648,형님 너무 무리하지마십쇼...힘들면 잠시 쉬어가세요... 저도 열심히 노래찾고 믹셋짜고 게시물 올리는게 힘들어 잠시 나가떨어져서 쉬고잇으면 마음이 몸이 다시또 움직여질때가있고 또 기다려주신분들 응원받으면 다시 힘나서 움직이게되더라구요.. 디플에 매월내는 돈보다 그이상의 가치가있는 영상이라고 생각합니다. 헌데 매월도아니고 매주 그것도 두세개의 게시물을...ㅠㅠ 언제나 감사한마음뿐입니다.. 더욱더 양질의 마블컨텐츠를 즐길수 있도록 도와쥬셔서 감사해요!! 그러니 조금 쉬엄쉬엄...!!제!발!!ㅠㅠ 두서없었지만 요는.. 늘 감사드리고 힘내시라는...!!!건강이우선입니다..!!!
649,볼때마다 머리를 띵하고 울리는 분석력에 감탄하며 늘 알림이 뜨면 보러오는데 건강상에 문제로 고민할만도 하겠습니다…오래보고싶은데 현실이란건 늘 안타까울뿐이네요
650,??????????????
651,저 세번째 앤트맨 혹시 스콧의 딸 캐시 아닌가요? 체형으로 봐서 여성같은데
652,맞을꺼에요
653,맞음
654,마블암흑기 스파이더맨만 살아남음
655,"이런 영상 플랫폼에서 콘텐츠에 좋아요나 구독자 증가세가 낮으면 제작자 입장에선 현타를 받을 수 있다고 생각합니다. <br><br>하지만 많은 사람들은 올원님이 콘텐츠를 위해 많은 분석을 하고있고, 정말 열정적으로 작업하신다는 걸 알고 있을겁니다. 제 주변 지인들 조차도 &quot;이 사람 엄청 디테일한 콘텐츠를 만든다&quot; 라는 말을 하곤 합니다. <br><br>순수하게 코믹스 분야로만 영상을 만드시며 여기까지 채널을 운영하신거 정말 대단하다고 생각됩니다. 다들 말하지 않고 콘텐츠에 좋아요나 댓글로 액션을 취하지 않더라도 많은 사람들이 이 채널을 좋아하고 즐긴다는 거 알아주시면 좋겠습니다. 부디 오래 콘텐츠를 만드시길 바라며 👍"
656,그냥 한작품 다 끝나면 그때그때 여유있게 정리만 하고 저번처럼 몰아보기식으로 1시간이든 뭐든 올리시는게 좀 좋지 않을까요? 몸이 건강해야죠!! <br>저는 하루 종일 기다릴 수 있음!
657,그냥 올원님영상 오래도록 볼수있음합니다 건강만하세요
658,"저는 마블 코믹스 원작을 아는 게 없다고 해도 무방한데 MCU를 너무 좋아하는 팬이기 때문에 많은 유튜버 분들의 영상을 보는데 최근에 올원채널을 제대로 알게 되었고, (다른 곳에는 없는)흥미로운 내용들로 분석을 해주셔서 구독도 하고 너무 재미있게 영상을 보고 있습니다. 늘 응원하겠습니다!"
659,"어벤져스 5에서 희생을 치르면서 악으로 깡으로 캉 처치했는데, 멀티버스 차원 열리면서 그와 똑같은 캉이 등장하면 참... 허무 하면서도 저걸 어떻게 이기냐 이런 생각이 들 듯 함 ㅋㅋㅋ"
660,우리 앤트맨 아싸에서 핵인싸됐네 ㅠㅠ
661,멤버쉽 가입하고 싶다~!!!<br>채널을 키우자!!
662,"그 어느 채널들과 남다른 퀄리티를 자랑하시는 유튜버임에 틀림이 없지만 언젠간 현실에 가로막혀 번아웃이 오기 마련이죠..ㅠㅠ 하지만 세상은 해뜨기 전이 가장 어둡다는 말처럼,<br>열심히 일하여 지칠 때가 왔지만 지난 영상들이 언젠간 많은 사람들의 알고리즘에 노출되어 꼭 대성할 유튜버가 될 거라고 믿습니다! <br><br>항상 응원하고 영상 재밌게 보고 있습니다!<br>쉬어가시면서 영상 올려주셔도 언제나 찾아오겠습니다!"
663,앤트맨 2 쿠키에서 와스프가 <br>양자영역에서 time vortex 를 조심해&#39; 라고 했었는데<br>아무도 언급이 없는게 쥰내 신기함
664,타임 볼텍스가 뭐에요??
665,노력에 비해 성과가 부족하다고 느끼실만도 하네요 참.. 몸도 마음도 지치는 시기가 오신거같아요.  제가 해드릴수있는 말이없네요. 그저 재밌게 잘 보고있다는 말밖에는.. ㅠㅠ 지칠땐 잠시 쉬어가기도 하고 오래오래 뵐수있으면 좋겠습니다.  전 오히려 엔드게임때까지 마블에 별 관심없다가 페이즈4들어서 올원님같이 자세히 설명해주는 채널보고 오히려 더 재미를 느끼고있어요. 그중에 올원님이 마블에대해 제일 깊히 알고계시는거 같구요.  사랑해요
666,"<a href=""https://www.youtube.com/watch?v=zY_uoYEgfno&amp;t=0m32s"">0:32</a> 갑자기 이렇게 앤트맨이 유명해진건 현재 우리가 보고 있는 MCU는 페이즈 3까지의 199999(?)가 아니라 616일 것이라는 이론에 큰 근거가 될 수 있지 않을까 조심히 예측해봅니다"
667,ㅇㅈ
668,어쩌다 니네를 믿어야되는 상황까지...
669,올원채널 알게된지 얼마 안되었는데..<br>안좋은 소식이 들리네요 ㅠㅠ<br>올원님도 타 채널처럼 후원받을수있는 회원제(?)를 개설하는게 어떨까 싶습니다..<br>많은 분들이 후원해 주실거 같은데..저도 그렇고..<br>여튼 채널이 꾸준히 운영되길 응원해봅니다.
670,회원제 열리면 무조건 가입합니다. 이런 채널이 스러지는게 너무 안타까워요..
671,"회원제 시작하시는 것 저도 추천드립니다! 이런 고퀄영상은 무료로 볼 수 앖어요,,"
672,마블 분석 해주는 분들 중에 제일 알차고 내용만 읽는 분이 아니라서 꾸준히 보고 있습니다!<br>코믹스와 연관해서 이야기를 풀어가는 것도 올원님 밖에 없습니다. 항상 건강하세요ㅎㅎ<br><br>만약 영상 제작 안한신다며뉴ㅠㅠㅠ 티스토리나 블로그에서 코믹스와 비교해서 해주실수있나요ㅠㅠㅠ 너무 내용 좋습니다
673,유튜브로도 수입이 안되시는 거 같은데 블로그나 티스토리는 무리같은데요
674,오~ 진짜 모독이 나오네!!
675,형 힘내요 ㅠㅠ
676,그간 항상영상은챙겨봤는데 좋아여 누르는건 넘기곤했는데 죄송해요ㅜㅜ
677,"앤트맨에서 캉의 변종이 어떻게 등장할지 기대되네요!! 올원님의 열정을 알기때문에 계속 저희랑 같이 마블 봐주실거라 믿습니다  다른 유튜버들과 비교 할 수 없는 올원님 ㅠ 아프지마새요ㅠ 영상 천천히 올려주셔도 괜찮으니 지치지않으셨으면 좋겠어요,,,"
678,뭐지슈퍼헤이세이세계관과거쫄보인간변종인가애초에애도보스없음그러니정복자캉변종자체가변종아님팔콘이어벤져스5주인공이라던디
679,내가보기엔빌런이라서변종이나와도어벤져스5나오지않을까요
680,두개체의 모독의 정체가 뭔지 생각해보면 로키 시즌1 6화에서 미스 미닛츠가 한말중에 두 버전의 로키가 하나의 시공간 또는 616 지구에 존재하게 만들수있다는 말을 했는데 캉의 변종들중 하나는 두가지 버전의 개체를 하나의 지구에 동시에 존재하게 만들수있는걸 성공했다는걸 암시<br>게다가 미스미닛츠와 모독의 주인이 캉인걸 생각해보면 미래의 대런 크로스가 빌머레이가 맡으시는 나이먹은 버전의 머독<br>ㅁ
681,후 드디어 올라왔구나 ㅠㅠ
682,"참 아쉽습니다_x000D_<br>영상을 보는 그대로 읽어주는 영상에 질려서 찾은 곳이 올원 채널입니다_x000D_<br>이렇게 심층 분석해 주는 곳이 거의 없는데 말이죠_x000D_<br>저도 언젠가부터 영상 퀄리티에 비해 조회수가 낮아서 좋아요를 꼭 누르고 있습니다<a href=""about:invalid#zCSafez""></a>_x000D_<br>올원님 대박 나길 응원합니다!"
683,늘 잘 보고있습니다. 재밌는 분석 감사드려요 😊😊
684,로키속 캉은 진짜로 착한 캉이고 앞으로 나올 캉들은 다 나쁜 마음을 가진 캉인가보네<br>인피니티워 타노스와 엔드게임의 타노스가 다른것 처럼
685,안대 올원님 절대못잃어.... 안대에에에에에
686,누가 분석해쥼....... 못잃어..흐흡
687,능글거리는 캉 기대
688,"페이즈 5의 시작을 알리는 <br>앤트맨 3가 제발 페이즈4라는 <br>암흑기를 뛰어넘기를 기대합니다. <br><br><br>오늘도 올원님 분석 잘 봤어요~<br><br><br>페이즈 4~6 사이의 작품은 다음과 같답니다.<br><br>영화<br><br>페이즈 4 : 2022년 &lt;블랙팬서 : 와칸다 포에버&gt;_x000D_<br>페이즈 5 : 2023년 &lt;앤트맨과 와스프: 퀀텀마니아&gt; &lt;가디언즈 오브 갤럭시 VOL.3&gt; &lt;더 마블스&gt; &lt;블레이드&gt;,  2024년 &lt;캡틴 아메리카: 뉴 월드 오더&gt; &lt;썬더볼츠&gt;_x000D_<br>페이즈 6 : 2024년 &lt;판타스틱 포&gt;, 2025년 &lt;어벤져스: 캉 다이너스티&gt; &lt;어벤져스: 시크릿 워즈&gt;<br><br>드라마<br>페이즈 4 : 2022년 &lt;변호사 쉬 헐크&gt; &lt;가디언즈 오브 갤럭시 홀리데이 스페셜&gt;_x000D_<br>페이즈 5 : 2023년 &lt;시크릿 인베이전&gt; &lt;에코&gt; &lt;로키 시즌2&gt; &lt;아이언하트&gt; &lt;아가사: 코빈 오브 카오스&gt;, 2024년 &lt;데이더블 : 본 어게인&gt;_x000D_<br>페이즈 6 : 작품 미정<br><br><br>(아래 왠 병신이 댓글을 병신처럼 달았던데 병먹금 아시죠? 병신한테 먹이 금지 ㅎㅎㅎ. 선호 채널 보니 일베충이던데 왜 이런데까지 와서 똥싸는 소리를 싸지르는지 ㅎㅎ)"
689,너 이새기ㅋㅋ 귀엽네? 저런건 어디서 퍼오는거냐? 아니면 나무위키보고 하나씩 복붙하는거냐?
690,@김비트 자기소개?
691,ㅋㅋㅋㅋㅋㄱㄱㅋㅋ ㅋ 너 마블 페이즈 개념 뭔지 모르지? 따봉 누른 31명도
692,힘내세요
693,항상 올원님 영상만 기다리고 있어요! 품격있는 좋은 영상 꾸준히 만들어주셔서 감사합니다!
